,open,close,high,low,total_turnover,volume,limit_up,limit_down
2005-01-07,1.452,1.4372,1.4774,1.4308,864762.0,525612.0,1.5898,1.3015
2005-01-10,1.4329,1.4499,1.4499,1.4245,681636.0,418105.0,1.5813,1.293
2005-01-11,1.4435,1.4562,1.4711,1.4435,402486.0,243776.0,1.594,1.3057
2005-01-12,1.4584,1.4732,1.4838,1.452,627813.0,378726.0,1.6025,1.31
2005-01-13,1.4732,1.4584,1.4732,1.4456,733439.0,443997.0,1.6216,1.3269
2005-01-14,1.4541,1.4478,1.469,1.4414,884484.0,535808.0,1.6046,1.3121
2005-01-17,1.4414,1.4096,1.4414,1.399,1306497.0,819520.0,1.5919,1.3036
2005-01-18,1.4096,1.4202,1.4266,1.3948,762751.0,478500.0,1.5516,1.2697
2005-01-19,1.4139,1.4181,1.4308,1.4054,762005.0,474781.0,1.5622,1.2782
2005-01-20,1.416,1.3503,1.416,1.3503,1425556.0,919776.0,1.5601,1.2761
2005-01-21,1.3481,1.3715,1.3736,1.293,2445682.0,1617096.0,1.4859,1.2146
2005-01-24,1.3969,1.4054,1.416,1.3905,2339051.0,1469732.0,1.5092,1.2337
2005-01-25,1.399,1.3778,1.399,1.3566,919290.0,588640.0,1.5453,1.2655
2005-01-26,1.3757,1.3948,1.3969,1.3672,1310236.0,831958.0,1.5156,1.24
2005-01-27,1.4414,1.416,1.4732,1.416,6550011.0,4005693.0,1.5347,1.2549
2005-01-28,1.4011,1.3948,1.416,1.3927,1930404.0,1213073.0,1.558,1.274
2005-01-31,1.3375,1.3715,1.4139,1.3375,574729.0,368751.0,1.5347,1.2549
2005-02-01,1.3503,1.3587,1.3884,1.3503,583420.0,373568.0,1.5092,1.2337
2005-02-02,1.3566,1.4266,1.4287,1.3566,1869929.0,1171481.0,1.4944,1.2231
2005-02-03,1.4414,1.4096,1.4626,1.4096,1478954.0,913120.0,1.5686,1.2846
2005-02-04,1.4075,1.4393,1.4499,1.4033,1419372.0,876500.0,1.5516,1.2697
2005-02-16,1.4435,1.4584,1.4838,1.4351,2543832.0,1550931.0,1.5834,1.2951
2005-02-17,1.4499,1.4711,1.4732,1.4266,2764590.0,1678739.0,1.6046,1.3121
2005-02-18,1.4711,1.4456,1.522,1.4414,3736775.0,2230592.0,1.6173,1.3248
2005-02-21,1.4372,1.4562,1.4626,1.4266,5060715.0,3096696.0,1.5898,1.3015
2005-02-22,1.4562,1.4902,1.4944,1.4393,7592132.0,4553548.0,1.6025,1.31
2005-02-23,1.4902,1.522,1.541,1.4562,11165673.0,6616260.0,1.6385,1.3418
2005-02-24,1.522,1.5156,1.522,1.4944,5778605.0,3385637.0,1.6746,1.3693
2005-02-25,1.5156,1.5304,1.5559,1.5114,7828825.0,4504323.0,1.6682,1.3651
2005-02-28,1.5453,1.5326,1.5728,1.5262,6089605.0,3475705.0,1.6831,1.3778
2005-03-01,1.5474,1.5262,1.558,1.505,7235622.0,4157953.0,1.6852,1.3799
2005-03-02,1.5326,1.522,1.5601,1.5114,6209553.0,3560502.0,1.6788,1.3736
2005-03-03,1.5156,1.5071,1.5241,1.4753,4843211.0,2853806.0,1.6746,1.3693
2005-03-04,1.5092,1.4923,1.5156,1.4796,2528735.0,1490944.0,1.6576,1.3566
2005-03-07,1.488,1.4626,1.4965,1.4435,4513683.0,2713535.0,1.6407,1.3439
2005-03-08,1.4626,1.5008,1.5156,1.4626,4538306.0,2692444.0,1.6089,1.3163
2005-03-09,1.5029,1.5071,1.5177,1.4838,3392488.0,1987290.0,1.6513,1.3503
2005-03-10,1.5071,1.4753,1.5092,1.4584,3067001.0,1828308.0,1.6576,1.3566
2005-03-11,1.4626,1.4796,1.4838,1.4541,1890733.0,1134640.0,1.6237,1.3269
2005-03-14,1.4753,1.4668,1.4859,1.4414,2221565.0,1343098.0,1.6279,1.3312
2005-03-15,1.4711,1.4329,1.4711,1.4308,1784308.0,1090336.0,1.6131,1.3206
2005-03-16,1.4372,1.4011,1.4372,1.3884,2337507.0,1462623.0,1.5771,1.2888
2005-03-17,1.4033,1.3757,1.4033,1.3524,2417747.0,1542694.0,1.541,1.2612
2005-03-18,1.3778,1.3269,1.3778,1.3185,2341706.0,1535456.0,1.5135,1.2379
2005-03-21,1.3269,1.3418,1.346,1.3206,1934513.0,1281571.0,1.4605,1.1934
2005-03-22,1.3524,1.3206,1.3545,1.3057,3012604.0,2003410.0,1.4753,1.2082
2005-03-23,1.3842,1.346,1.3863,1.3079,3393122.0,2236603.0,1.452,1.1892
2005-03-24,1.3185,1.2803,1.3354,1.221,8649828.0,6030756.0,1.4817,1.2125
2005-03-25,1.2655,1.257,1.2655,1.2464,2860043.0,2009900.0,1.4075,1.1531
2005-03-28,1.2506,1.2188,1.2506,1.204,3053915.0,2209755.0,1.3821,1.1319
2005-03-29,1.2061,1.2231,1.2316,1.1934,2504682.0,1810603.0,1.3418,1.098
2005-03-30,1.2231,1.2061,1.2252,1.1934,1855803.0,1353664.0,1.346,1.1001
2005-03-31,1.1976,1.2146,1.2167,1.1807,2078266.0,1526329.0,1.3269,1.0853
2005-04-01,1.2464,1.24,1.2612,1.1976,3867755.0,2764778.0,1.3354,1.0938
2005-04-04,1.221,1.2146,1.2379,1.2061,2365286.0,1712672.0,1.3651,1.1171
2005-04-05,1.2294,1.2146,1.2294,1.2082,1832417.0,1327040.0,1.3354,1.0938
2005-04-06,1.2082,1.2273,1.2273,1.1341,8140725.0,6040965.0,1.3354,1.0938
2005-04-07,1.24,1.2888,1.31,1.2358,15572938.0,10783182.0,1.3503,1.1044
2005-04-08,1.2846,1.2909,1.3015,1.2612,4735659.0,3276591.0,1.4181,1.1595
2005-04-11,1.2888,1.2803,1.31,1.2676,3449484.0,2381467.0,1.4202,1.1616
2005-04-12,1.2803,1.2506,1.2888,1.2443,1885417.0,1325788.0,1.4075,1.1531
2005-04-13,1.2506,1.2655,1.293,1.2506,2768984.0,1924566.0,1.3757,1.1256
2005-04-14,1.2655,1.2231,1.2846,1.2167,3177103.0,2253509.0,1.3927,1.1383
2005-04-15,1.1998,1.187,1.2167,1.187,2413978.0,1775342.0,1.346,1.1001
2005-04-18,1.187,1.1637,1.187,1.1489,1163234.0,882336.0,1.3057,1.0683
2005-04-19,1.1764,1.1722,1.1764,1.1552,653203.0,494208.0,1.2803,1.0471
2005-04-20,1.1658,1.151,1.1658,1.1341,1119188.0,859248.0,1.2888,1.0556
2005-04-21,1.1404,1.0938,1.1616,1.0874,1922539.0,1517568.0,1.2655,1.0365
2005-04-22,1.0811,1.0641,1.1044,1.0577,1821777.0,1494688.0,1.204,0.9836
2005-04-25,1.0599,0.9814,1.0599,0.9602,2495291.0,2224148.0,1.1701,0.9581
2005-04-26,0.9814,0.9814,0.9814,0.9814,0.0,0.0,,
2005-04-27,0.8945,0.8839,0.9539,0.8839,2367588.0,2351648.0,1.0789,0.8839
2005-04-28,0.8161,0.8479,0.8648,0.7949,6887272.0,7335981.0,0.973,0.7949
2005-04-29,0.8564,0.8521,0.8776,0.8394,5404072.0,5538437.0,0.9327,0.7631
2005-05-09,0.8161,0.8013,0.8479,0.7822,1864586.0,2046982.0,0.9369,0.7673
2005-05-10,0.8034,0.8182,0.8203,0.7843,1213517.0,1328983.0,0.8818,0.7207
2005-05-11,0.814,0.8076,0.8225,0.8013,994795.0,1079104.0,0.9009,0.7355
2005-05-12,0.7991,0.8225,0.8436,0.7885,1828124.0,1950008.0,0.8882,0.7271
2005-05-13,0.8225,0.833,0.8415,0.8225,1154683.0,1227554.0,0.9051,0.7398
2005-05-16,0.8288,0.8267,0.8373,0.8182,1182816.0,1262602.0,0.9157,0.7504
2005-05-17,0.8225,0.8415,0.8479,0.8225,1880019.0,1983072.0,0.9094,0.744
2005-05-18,0.8436,0.8394,0.85,0.8225,1363268.0,1436448.0,0.9263,0.7567
2005-05-19,0.8415,0.8352,0.8458,0.8246,1056995.0,1116702.0,0.9242,0.7546
2005-05-20,0.8436,0.8267,0.8606,0.8267,1403026.0,1469957.0,0.9178,0.7525
2005-05-23,0.833,0.7631,0.833,0.761,2012359.0,2262229.0,0.9094,0.744
2005-05-24,0.7419,0.7758,0.7864,0.7419,1333854.0,1536662.0,0.8394,0.6868
2005-05-25,0.7737,0.7885,0.8034,0.7737,1741527.0,1946452.0,0.8542,0.6974
2005-05-26,0.7885,0.8013,0.8119,0.7779,1377448.0,1527107.0,0.867,0.7101
2005-05-27,0.7843,0.8034,0.8119,0.7822,1162973.0,1278738.0,0.8818,0.7207
2005-05-30,0.7949,0.8119,0.814,0.7949,937710.0,1028065.0,0.8839,0.7228
2005-05-31,0.8034,0.8076,0.8203,0.8034,1104669.0,1200326.0,0.8924,0.7313
2005-06-01,0.7949,0.7822,0.797,0.7673,1182200.0,1338842.0,0.8882,0.7271
2005-06-02,0.7801,0.7843,0.7928,0.7695,580268.0,654102.0,0.8606,0.7037
2005-06-03,0.7928,0.8119,0.8458,0.7695,2625428.0,2866548.0,0.8627,0.7059
2005-06-06,0.8119,0.814,0.8161,0.7907,1544216.0,1694493.0,0.8924,0.7313
2005-06-07,0.8161,0.8055,0.8267,0.797,1836690.0,1996800.0,0.8945,0.7334
2005-06-08,0.814,0.8733,0.8776,0.8034,5569244.0,5820493.0,0.886,0.7249
2005-06-09,0.8648,0.8818,0.8882,0.85,6302730.0,6414524.0,0.9602,0.7864
2005-06-10,0.8818,0.8818,0.9136,0.8712,5325164.0,5271527.0,0.9708,0.7928
2005-06-13,0.8882,0.8776,0.8924,0.867,2660534.0,2673607.0,0.9708,0.7928
2005-06-14,0.8818,0.8712,0.8988,0.8691,2268734.0,2266301.0,0.9645,0.7907
2005-06-15,0.8606,0.833,0.8712,0.833,1832665.0,1904032.0,0.9581,0.7843
2005-06-16,0.833,0.8094,0.8374,0.8029,1935934.0,2129046.0,0.917,0.7491
2005-06-17,0.8158,0.8115,0.8287,0.8051,1363447.0,1505504.0,0.8912,0.7276
2005-06-20,0.8115,0.8352,0.8352,0.7986,1633958.0,1786645.0,0.8933,0.7297
2005-06-21,0.8352,0.8287,0.8417,0.8244,1551004.0,1668160.0,0.9192,0.7513
2005-06-22,0.8201,0.8287,0.8395,0.818,816383.0,884849.0,0.9127,0.7469
2005-06-23,0.8287,0.8352,0.8438,0.8266,1008054.0,1080768.0,0.9127,0.7469
2005-06-24,0.8352,0.8374,0.8395,0.8201,1217413.0,1311648.0,0.9192,0.7513
2005-06-27,0.8374,0.8761,0.8783,0.8374,4156971.0,4292725.0,0.9213,0.7534
2005-06-28,0.8761,0.8503,0.8761,0.8417,1931688.0,2027979.0,0.9644,0.7878
2005-06-29,0.8503,0.8395,0.8589,0.8309,929546.0,987168.0,0.9364,0.7663
2005-06-30,0.8309,0.7965,0.8374,0.7922,1437091.0,1594528.0,0.9235,0.7556
2005-07-01,0.7922,0.7319,0.8008,0.7254,1795224.0,2126629.0,0.8761,0.7168
2005-07-04,0.7104,0.6974,0.7319,0.6587,1734422.0,2253472.0,0.8051,0.6587
2005-07-05,0.6888,0.6888,0.6931,0.6695,943366.0,1237184.0,0.7663,0.6286
2005-07-06,0.6888,0.6802,0.6996,0.6716,998492.0,1314560.0,0.7577,0.6199
2005-07-07,0.6802,0.6996,0.7017,0.6759,1109401.0,1434784.0,0.7491,0.6113
2005-07-08,0.7017,0.706,0.706,0.6824,1566936.0,2020637.0,0.7706,0.6307
2005-07-11,0.6996,0.6996,0.7276,0.6931,940064.0,1186848.0,0.7771,0.635
2005-07-12,0.6888,0.7104,0.719,0.6888,1177187.0,1495108.0,0.7706,0.6307
2005-07-13,0.706,0.6931,0.7125,0.6888,791405.0,1007968.0,0.7814,0.6393
2005-07-14,0.6974,0.6522,0.706,0.6479,1661842.0,2199808.0,0.762,0.6242
2005-07-15,0.6479,0.6264,0.6587,0.6264,1373331.0,1910688.0,0.7168,0.5877
2005-07-18,0.6242,0.5984,0.6242,0.5941,1107543.0,1624064.0,0.6888,0.564
2005-07-19,0.592,0.6135,0.6221,0.592,686348.0,1009091.0,0.6587,0.5381
2005-07-20,0.6135,0.6242,0.6242,0.6027,757877.0,1096160.0,0.6759,0.5532
2005-07-21,0.6242,0.6264,0.6307,0.6156,615254.0,884312.0,0.6867,0.5618
2005-07-22,0.6286,0.6458,0.6501,0.6242,1296366.0,1816714.0,0.6888,0.564
2005-07-25,0.6415,0.6479,0.6544,0.6307,787036.0,1094105.0,0.7104,0.5812
2005-07-26,0.6458,0.6587,0.6651,0.6393,1028038.0,1404607.0,0.7125,0.5833
2005-07-27,0.6587,0.6781,0.6781,0.6501,2361887.0,3190845.0,0.7254,0.592
2005-07-28,0.6759,0.6931,0.6974,0.6716,3141057.0,4101822.0,0.7469,0.6113
2005-07-29,0.6996,0.6824,0.7017,0.6781,1638099.0,2141984.0,0.762,0.6242
2005-08-01,0.6824,0.6974,0.6996,0.6781,1300066.0,1689043.0,0.7513,0.6135
2005-08-02,0.6931,0.6974,0.6974,0.6781,1352653.0,1757255.0,0.7663,0.6286
2005-08-03,0.6974,0.7147,0.7254,0.6888,3514727.0,4422812.0,0.7663,0.6286
2005-08-04,0.7104,0.7168,0.7319,0.6996,3580933.0,4465856.0,0.7857,0.6436
2005-08-05,0.7168,0.734,0.734,0.7147,3178484.0,3930809.0,0.7878,0.6458
2005-08-08,0.734,0.7362,0.7448,0.7233,2604455.0,3184002.0,0.8072,0.6608
2005-08-09,0.7276,0.7448,0.7469,0.7233,2774255.0,3376593.0,0.8094,0.663
2005-08-10,0.7534,0.8201,0.8201,0.7469,6507362.0,7373392.0,0.8201,0.6695
2005-08-11,0.8158,0.8352,0.8481,0.7857,7440321.0,8141652.0,0.9019,0.7383
2005-08-12,0.7577,0.861,0.9019,0.7513,11587268.0,12205120.0,0.9192,0.7513
2005-08-15,0.8395,0.8632,0.8804,0.8395,6792047.0,7097430.0,0.9471,0.7749
2005-08-16,0.8653,0.9493,0.9493,0.8653,16690120.0,16211358.0,0.9493,0.7771
2005-08-17,0.9493,0.9966,1.0418,0.9041,18827822.0,17097280.0,1.044,0.8546
2005-08-18,0.9859,0.9601,1.0957,0.9579,21960749.0,18785067.0,1.0957,0.8976
2005-08-19,0.9471,0.9192,0.9945,0.8718,13378560.0,13072609.0,1.0569,0.8632
2005-08-22,0.9192,0.8653,0.9192,0.8287,7135969.0,7360662.0,1.0117,0.8266
2005-08-23,0.861,0.8739,0.8869,0.8567,6307226.0,6473056.0,0.9514,0.7792
2005-08-24,0.8653,0.8933,0.9105,0.8438,7846872.0,7938595.0,0.9622,0.7857
2005-08-25,0.889,0.9364,0.9385,0.8826,9098617.0,8909476.0,0.9837,0.8051
2005-08-26,0.9321,0.9062,0.9514,0.8976,6523257.0,6366847.0,1.0311,0.8417
2005-08-29,0.8847,0.9342,0.9385,0.8826,6934028.0,6842123.0,0.9966,0.8158
2005-08-30,0.9256,0.9687,0.9859,0.9256,11723972.0,10972187.0,1.0268,0.8417
2005-08-31,0.9687,0.9364,0.9687,0.9062,9022323.0,8666120.0,1.0655,0.8718
2005-09-01,0.9278,0.9514,0.9579,0.917,5053033.0,4801281.0,1.0311,0.8417
2005-09-02,0.9579,0.945,0.9622,0.9213,5312249.0,5077188.0,1.0462,0.8567
2005-09-05,0.9278,0.9773,0.9859,0.9278,5458365.0,5120016.0,1.0397,0.8503
2005-09-06,0.9751,0.9192,0.9773,0.917,5959084.0,5595192.0,1.0741,0.8804
2005-09-07,0.917,0.9364,0.9385,0.8976,4669112.0,4559381.0,1.0117,0.8266
2005-09-08,0.9364,0.9299,0.945,0.9148,3873166.0,3718832.0,1.0311,0.8417
2005-09-09,0.9256,0.8998,0.9299,0.8998,3040927.0,2988494.0,1.0225,0.8374
2005-09-12,0.8933,0.9127,0.9127,0.8869,1916650.0,1899880.0,0.9902,0.8094
2005-09-13,0.9127,0.9471,0.9471,0.9127,3882541.0,3715712.0,1.0031,0.8223
2005-09-14,0.9644,0.9622,0.973,0.9364,6704370.0,6256736.0,1.0418,0.8524
2005-09-15,0.9579,0.9644,0.9794,0.9385,4703540.0,4351780.0,1.0591,0.8653
2005-09-16,0.9687,1.0031,1.0182,0.9536,10880184.0,9838042.0,1.0612,0.8675
2005-09-19,1.001,1.0182,1.0505,0.988,7340302.0,6472852.0,1.1043,0.9019
2005-09-20,1.016,0.9859,1.0311,0.9687,6923115.0,6288872.0,1.1193,0.917
2005-09-21,0.9902,0.9601,1.0053,0.9514,5173627.0,4769269.0,1.0849,0.8869
2005-09-22,0.945,0.8955,0.9644,0.8783,3528388.0,3440320.0,1.0569,0.8632
2005-09-23,0.8869,0.8847,0.9084,0.8826,2250461.0,2258418.0,0.9859,0.8051
2005-09-26,0.8847,0.8696,0.8933,0.8567,3471865.0,3571892.0,0.973,0.7965
2005-09-27,0.8696,0.8352,0.8804,0.8287,2378081.0,2509728.0,0.9557,0.7835
2005-09-28,0.8287,0.8395,0.8524,0.8287,1773484.0,1890757.0,0.9192,0.7513
2005-09-29,0.8503,0.8847,0.8869,0.8417,2947465.0,3028501.0,0.9235,0.7556
2005-09-30,0.8783,0.8696,0.8869,0.8653,1390198.0,1424808.0,0.973,0.7965
2005-10-10,0.8696,0.8287,0.8696,0.8244,1176442.0,1250454.0,0.9557,0.7835
2005-10-11,0.8438,0.8546,0.861,0.7965,1173769.0,1257776.0,0.9127,0.7469
2005-10-12,0.8503,0.861,0.8675,0.8481,1165999.0,1220382.0,0.9407,0.7685
2005-10-13,0.8589,0.8847,0.889,0.846,2814477.0,2876449.0,0.9471,0.7749
2005-10-14,0.8761,0.8869,0.9041,0.8653,2890349.0,2922521.0,0.973,0.7965
2005-10-17,0.8826,0.8912,0.8998,0.8696,2412611.0,2429149.0,0.9751,0.7986
2005-10-18,0.8933,0.9278,0.9299,0.8847,4107947.0,4055522.0,0.9794,0.8029
2005-10-19,0.9256,0.9471,0.9751,0.9213,11318625.0,10581205.0,1.0203,0.8352
2005-10-20,0.9407,0.9342,0.9622,0.917,7077179.0,6721312.0,1.0418,0.8524
2005-10-21,0.9342,0.9923,1.0268,0.9342,21243186.0,18933071.0,1.0268,0.8417
2005-10-24,0.9751,0.9579,0.988,0.9321,8309414.0,7753013.0,1.0914,0.8933
2005-10-25,0.9579,0.9385,0.9644,0.9278,3308177.0,3150784.0,1.0548,0.8632
2005-10-26,0.9342,0.8589,0.9536,0.8567,4000983.0,3972230.0,1.0332,0.8438
2005-10-27,0.8783,0.8783,0.8912,0.8589,3362248.0,3447575.0,0.945,0.7728
2005-10-28,0.8783,0.8503,0.8826,0.8266,3177497.0,3358455.0,0.9665,0.79
2005-10-31,0.8503,0.8653,0.8739,0.8481,1298717.0,1344741.0,0.9364,0.7663
2005-11-01,0.8524,0.8503,0.8718,0.8352,1075418.0,1135077.0,0.9514,0.7792
2005-11-02,0.8567,0.8783,0.8869,0.8546,2508817.0,2568505.0,0.9364,0.7663
2005-11-03,0.8783,0.9364,0.9428,0.8783,6183615.0,6055645.0,0.9665,0.79
2005-11-04,0.9278,0.9428,0.9536,0.9062,6491335.0,6209898.0,1.0311,0.8417
2005-11-07,0.9428,0.9428,0.9428,0.9428,0.0,0.0,,
2005-11-08,0.9428,0.9428,0.9428,0.9428,0.0,0.0,,
2005-11-09,0.9428,0.9428,0.9428,0.9428,0.0,0.0,,
2005-11-10,0.9428,0.9428,0.9428,0.9428,0.0,0.0,,
2005-11-11,0.9428,0.9428,0.9428,0.9428,0.0,0.0,,
2005-11-14,0.9428,0.9428,0.9428,0.9428,0.0,0.0,,
2005-11-15,0.9428,0.9428,0.9428,0.9428,0.0,0.0,,
2005-11-16,0.9428,0.9428,0.9428,0.9428,0.0,0.0,,
2005-11-17,1.0375,0.9622,1.0375,0.9579,21131271.0,18853840.0,1.0375,0.8481
2005-11-18,0.9428,1.001,1.0074,0.9299,11904350.0,10974517.0,1.0591,0.8653
2005-11-21,0.9902,0.9902,1.0182,0.9708,6655995.0,6012323.0,1.1021,0.9019
2005-11-22,0.9816,0.9557,0.9816,0.9493,3348078.0,3121423.0,1.0892,0.8912
2005-11-23,0.9557,0.9579,0.9601,0.9407,916311.0,858624.0,1.0505,0.861
2005-11-24,0.9579,0.9579,0.973,0.9557,1468382.0,1363648.0,1.0548,0.8632
2005-11-25,0.9687,0.9945,0.9988,0.9148,4863844.0,4420408.0,1.0548,0.8632
2005-11-28,0.9945,0.988,0.9966,0.9687,1384429.0,1259931.0,1.0935,0.8955
2005-11-29,0.9859,1.001,1.0074,0.9751,4107424.0,3701140.0,1.0871,0.889
2005-11-30,0.9923,0.9923,1.0074,0.9902,4245751.0,3817524.0,1.1021,0.9019
2005-12-01,0.9945,1.0332,1.0354,0.9687,12081426.0,10643293.0,1.0914,0.8933
2005-12-02,1.0332,1.0332,1.0332,1.0332,0.0,0.0,,
2005-12-05,1.0332,1.0332,1.0332,1.0332,0.0,0.0,,
2005-12-06,1.0332,1.0332,1.0332,1.0332,0.0,0.0,,
2005-12-07,1.0332,1.0332,1.0332,1.0332,0.0,0.0,,
2005-12-08,1.0332,1.0332,1.0332,1.0332,0.0,0.0,,
2005-12-09,1.0332,1.0332,1.0332,1.0332,0.0,0.0,,
2005-12-12,1.0332,1.0332,1.0332,1.0332,0.0,0.0,,
2005-12-13,1.0332,1.0332,1.0332,1.0332,0.0,0.0,,
2005-12-14,1.0332,1.0332,1.0332,1.0332,0.0,0.0,,
2005-12-15,1.0332,1.0332,1.0332,1.0332,0.0,0.0,,
2005-12-16,1.0332,1.0332,1.0332,1.0332,0.0,0.0,,
2005-12-19,1.0332,1.0332,1.0332,1.0332,0.0,0.0,,
2005-12-20,1.0332,1.0332,1.0332,1.0332,0.0,0.0,,
2005-12-21,1.0332,1.0332,1.0332,1.0332,0.0,0.0,,
2005-12-22,1.0332,1.0332,1.0332,1.0332,0.0,0.0,,
2005-12-23,1.0332,1.0332,1.0332,1.0332,0.0,0.0,,
2005-12-26,1.0332,1.0332,1.0332,1.0332,0.0,0.0,,
2005-12-27,1.0332,1.0332,1.0332,1.0332,0.0,0.0,,
2005-12-28,1.0332,1.0332,1.0332,1.0332,0.0,0.0,,
2005-12-29,1.1361,1.2621,1.3544,1.1333,35766855.0,25237242.0,1.3544,0.9291
2005-12-30,1.2481,1.3292,1.3292,1.2173,12224540.0,8558355.0,1.388,1.1361
2006-01-04,1.3096,1.3404,1.3656,1.2872,10012248.0,6702490.0,1.4635,1.1977
2006-01-05,1.3432,1.4747,1.4747,1.3236,11159750.0,6878262.0,1.4747,1.2061
2006-01-06,1.5307,1.4943,1.5503,1.4412,16531809.0,9987011.0,1.623,1.3264
2006-01-09,1.4831,1.5167,1.5755,1.4831,9671452.0,5684621.0,1.6426,1.346
2006-01-10,1.5055,1.4999,1.5167,1.4691,8438235.0,5080282.0,1.6678,1.3656
2006-01-11,1.5055,1.5083,1.5307,1.4691,6550559.0,3888285.0,1.651,1.3488
2006-01-12,1.4915,1.4915,1.4971,1.4495,3889315.0,2356538.0,1.6594,1.3572
2006-01-13,1.4579,1.4719,1.5195,1.4579,3459859.0,2102432.0,1.6398,1.3432
2006-01-16,1.4719,1.3964,1.4747,1.3908,3502557.0,2214557.0,1.6202,1.3236
2006-01-17,1.3908,1.402,1.416,1.346,4038274.0,2599821.0,1.5363,1.2565
2006-01-18,1.36,1.4775,1.4915,1.36,5031779.0,3094099.0,1.5419,1.2621
2006-01-19,1.4775,1.4803,1.5195,1.4551,3747721.0,2262077.0,1.6258,1.3292
2006-01-20,1.4635,1.4244,1.4859,1.4188,3812059.0,2343005.0,1.6286,1.332
2006-01-23,1.4272,1.4272,1.444,1.3992,2691407.0,1700237.0,1.5671,1.2816
2006-01-24,1.4272,1.3992,1.4272,1.3768,4120522.0,2638397.0,1.5699,1.2844
2006-01-25,1.4132,1.4076,1.4272,1.3712,1876431.0,1212240.0,1.5391,1.2593
2006-02-06,1.402,1.4859,1.5335,1.402,6213726.0,3733117.0,1.5475,1.2677
2006-02-07,1.4775,1.5083,1.5251,1.4775,5471684.0,3246330.0,1.6342,1.3376
2006-02-08,1.5083,1.5027,1.5195,1.4775,1683558.0,1007005.0,1.6594,1.3572
2006-02-09,1.4859,1.4691,1.4943,1.4551,1361897.0,828448.0,1.6538,1.3516
2006-02-10,1.4691,1.4467,1.4887,1.4216,1292224.0,797475.0,1.6174,1.3236
2006-02-13,1.4467,1.402,1.4467,1.3936,3301136.0,2106989.0,1.5923,1.3012
2006-02-14,1.3936,1.4076,1.416,1.3936,3187430.0,2025696.0,1.5419,1.2621
2006-02-15,1.4104,1.3992,1.4104,1.3656,6192591.0,4019197.0,1.5475,1.2677
2006-02-16,1.4132,1.3516,1.416,1.3432,2984946.0,1955421.0,1.5391,1.2593
2006-02-17,1.3432,1.3628,1.3964,1.3292,2071503.0,1359408.0,1.4859,1.2173
2006-02-20,1.3404,1.3488,1.3936,1.3404,2377317.0,1556096.0,1.4999,1.2257
2006-02-21,1.3376,1.36,1.36,1.332,3430663.0,2282976.0,1.4831,1.2145
2006-02-22,1.36,1.3684,1.3712,1.3432,2987150.0,1972550.0,1.4971,1.2229
2006-02-23,1.3684,1.3656,1.3684,1.3432,2012408.0,1328672.0,1.5055,1.2313
2006-02-24,1.3712,1.4188,1.4272,1.3656,5319648.0,3374464.0,1.5027,1.2285
2006-02-27,1.3936,1.4104,1.4328,1.3936,3016733.0,1911264.0,1.5615,1.2761
2006-02-28,1.4048,1.4048,1.4216,1.3852,2998041.0,1914611.0,1.5503,1.2705
2006-03-01,1.4132,1.5447,1.5447,1.4132,18891177.0,11203366.0,1.5447,1.2649
2006-03-02,1.5447,1.5447,1.5447,1.5447,0.0,0.0,,
2006-03-03,1.5447,1.5447,1.5447,1.5447,0.0,0.0,,
2006-03-06,1.5447,1.5447,1.5447,1.5447,0.0,0.0,,
2006-03-07,1.6986,1.6286,1.6986,1.5671,28111488.0,15388227.0,1.6986,1.3908
2006-03-08,1.623,1.6286,1.6594,1.5727,15698982.0,8661546.0,1.7909,1.4663
2006-03-09,1.6258,1.5251,1.6902,1.5195,21110517.0,11740077.0,1.7909,1.4663
2006-03-10,1.5083,1.4859,1.5111,1.4551,9487394.0,5727805.0,1.679,1.374
2006-03-13,1.5083,1.5615,1.6119,1.4999,15837736.0,9043066.0,1.6342,1.3376
2006-03-14,1.5531,1.5951,1.6091,1.5251,11831509.0,6753962.0,1.7182,1.4048
2006-03-15,1.5811,1.5923,1.6035,1.5531,7557874.0,4277744.0,1.7546,1.4356
2006-03-16,1.6091,1.623,1.6762,1.6091,14800917.0,8075824.0,1.7518,1.4328
2006-03-17,1.6091,1.6482,1.665,1.6035,13441880.0,7333936.0,1.7854,1.4607
2006-03-20,1.6202,1.637,1.665,1.6007,7725315.0,4239875.0,1.8133,1.4831
2006-03-21,1.6342,1.637,1.6594,1.6258,8365163.0,4578979.0,1.8021,1.4747
2006-03-22,1.637,1.6818,1.6958,1.6314,14102653.0,7537526.0,1.8021,1.4747
2006-03-23,1.679,1.6482,1.6818,1.6342,9954838.0,5399923.0,1.8497,1.5139
2006-03-24,1.651,1.6035,1.6678,1.6035,8596747.0,4752090.0,1.8133,1.4831
2006-03-27,1.5671,1.637,1.6398,1.5671,3815266.0,2113632.0,1.763,1.444
2006-03-28,1.6538,1.6202,1.6538,1.6091,3447745.0,1906006.0,1.8021,1.4747
2006-03-29,1.6119,1.6147,1.637,1.6063,5894069.0,3261062.0,1.7826,1.4579
2006-03-30,1.6091,1.6091,1.6482,1.6035,7696911.0,4266371.0,1.777,1.4523
2006-03-31,1.6091,1.623,1.637,1.6063,3188232.0,1760403.0,1.7714,1.4495
2006-04-03,1.6202,1.6202,1.6314,1.5559,10651056.0,6019658.0,1.7854,1.4607
2006-04-04,1.6342,1.6846,1.707,1.6091,16564770.0,8850042.0,1.7826,1.4579
2006-04-05,1.6846,1.6538,1.6958,1.6258,8326519.0,4521661.0,1.8525,1.5167
2006-04-06,1.6482,1.6342,1.6678,1.6286,8226269.0,4487280.0,1.8189,1.4887
2006-04-07,1.6342,1.6342,1.6342,1.6342,0.0,0.0,,
2006-04-10,1.665,1.6818,1.693,1.6426,14116766.0,7534931.0,1.7965,1.4719
2006-04-11,1.6818,1.665,1.6874,1.6454,9267720.0,4989046.0,1.8497,1.5139
2006-04-12,1.6594,1.6147,1.6594,1.6119,7326207.0,4002899.0,1.8329,1.4999
2006-04-13,1.6091,1.5419,1.6091,1.5391,10822209.0,6183997.0,1.777,1.4523
2006-04-14,1.5391,1.5783,1.5811,1.5251,10190874.0,5915760.0,1.6958,1.388
2006-04-17,1.5559,1.5503,1.5783,1.5391,5092762.0,2923910.0,1.735,1.4216
2006-04-18,1.5531,1.5335,1.5643,1.5195,7134391.0,4174611.0,1.7042,1.3964
2006-04-19,1.5475,1.5391,1.5783,1.5335,9148125.0,5292608.0,1.6874,1.3796
2006-04-20,1.5391,1.4747,1.5475,1.4328,10431175.0,6321776.0,1.693,1.3852
2006-04-21,1.4775,1.5335,1.5475,1.4272,11060517.0,6566490.0,1.623,1.3264
2006-04-24,1.5251,1.4579,1.5391,1.4412,8915435.0,5420323.0,1.6874,1.3796
2006-04-25,1.4495,1.4859,1.5167,1.43,6461302.0,3908390.0,1.6035,1.3124
2006-04-26,1.4775,1.5307,1.5307,1.4551,7304267.0,4353344.0,1.6342,1.3376
2006-04-27,1.5307,1.5447,1.5643,1.5111,6142821.0,3576963.0,1.6846,1.3768
2006-04-28,1.5335,1.4775,1.5335,1.4188,6021772.0,3632214.0,1.6986,1.3908
2006-05-08,1.4551,1.5251,1.5363,1.4523,7427482.0,4421670.0,1.6258,1.3292
2006-05-09,1.5251,1.6091,1.6454,1.5251,16525441.0,9244595.0,1.679,1.374
2006-05-10,1.6286,1.6958,1.7154,1.6091,25631775.0,13648125.0,1.7714,1.4495
2006-05-11,1.6846,1.6622,1.7602,1.651,24442774.0,12799245.0,1.8665,1.5251
2006-05-12,1.6622,1.7014,1.721,1.6314,14743397.0,7792944.0,1.8273,1.4971
2006-05-15,1.735,1.8637,1.8721,1.735,32325374.0,15886915.0,1.8721,1.5307
2006-05-16,1.8721,1.8077,2.0512,1.7798,58419755.0,27223165.0,2.0512,1.6762
2006-05-17,1.8784,1.9066,1.9631,1.8388,22840558.0,10835907.0,1.9885,1.627
2006-05-18,1.9066,1.9292,1.9659,1.8755,17984846.0,8447277.0,2.0987,1.7174
2006-05-19,1.9292,1.9292,1.9292,1.9292,0.0,0.0,,
2006-05-22,1.9857,1.9433,2.0309,1.9348,15906700.0,7306387.0,2.1213,1.7371
2006-05-23,1.9405,1.7597,1.9405,1.7484,15288048.0,7649706.0,2.1382,1.7484
2006-05-24,1.7541,1.6948,1.8303,1.6665,10429225.0,5486371.0,1.9348,1.5846
2006-05-25,1.6948,1.723,1.7258,1.6609,4758358.0,2534906.0,1.8642,1.5253
2006-05-26,1.7456,1.7258,1.7456,1.7061,5917872.0,3102659.0,1.8953,1.5507
2006-05-29,1.723,1.8162,1.8219,1.6948,10383162.0,5338739.0,1.8981,1.5535
2006-05-30,1.8134,1.8049,1.8303,1.7738,8927617.0,4492890.0,1.997,1.6354
2006-05-31,1.7795,1.8049,1.8586,1.7795,9429855.0,4708339.0,1.9857,1.6241
2006-06-01,1.8077,1.8388,1.8501,1.7795,11389977.0,5641360.0,1.9857,1.6241
2006-06-02,1.836,1.7597,1.8642,1.7597,16171122.0,8131136.0,2.0224,1.6552
2006-06-05,1.7512,1.7484,1.7795,1.7004,11917373.0,6243808.0,1.9348,1.5846
2006-06-06,1.7399,1.7541,1.7936,1.7343,6024942.0,3084922.0,1.9235,1.5733
2006-06-07,1.7512,1.6044,1.7541,1.6044,11123518.0,6028621.0,1.9292,1.5789
2006-06-08,1.5818,1.5987,1.627,1.5563,5275874.0,3010470.0,1.7654,1.4434
2006-06-09,1.6072,1.5422,1.6072,1.5394,5345164.0,3079072.0,1.7597,1.4377
2006-06-12,1.5309,1.5112,1.5451,1.4999,3193380.0,1893267.0,1.6976,1.3869
2006-06-13,1.5083,1.5281,1.5507,1.5083,3715525.0,2196099.0,1.6637,1.3586
2006-06-14,1.5309,1.5479,1.5507,1.5225,5076664.0,2995315.0,1.6806,1.3756
2006-06-15,1.562,1.5648,1.6015,1.5422,4193819.0,2410547.0,1.7032,1.3925
2006-06-16,1.5648,1.5818,1.5902,1.5648,3656455.0,2091910.0,1.7202,1.4095
2006-06-19,1.5507,1.5874,1.61,1.5366,3672107.0,2085328.0,1.7399,1.4236
2006-06-20,1.5846,1.5733,1.5846,1.5253,6579576.0,3832342.0,1.7456,1.4292
2006-06-21,1.5479,1.5451,1.5648,1.5281,5790650.0,3389578.0,1.7315,1.4151
2006-06-22,1.5366,1.5733,1.5931,1.5309,5396601.0,3106394.0,1.7004,1.3897
2006-06-23,1.5535,1.6128,1.6326,1.5451,7279115.0,4128106.0,1.7315,1.4151
2006-06-26,1.6015,1.6552,1.6552,1.5846,5393858.0,2984720.0,1.7738,1.4518
2006-06-27,1.6891,1.7484,1.8077,1.6863,14898260.0,7703683.0,1.8219,1.4886
2006-06-28,1.7315,1.7371,1.7767,1.6919,6253555.0,3270624.0,1.9235,1.5733
2006-06-29,1.7456,1.7625,1.7964,1.7371,11566669.0,5902019.0,1.9122,1.5648
2006-06-30,1.7625,1.7258,1.7795,1.7032,6322275.0,3305501.0,1.9377,1.5874
2006-07-03,1.7174,1.7371,1.7484,1.7089,6450161.0,3370864.0,1.8981,1.5535
2006-07-04,1.7371,1.7908,1.8077,1.7089,18315320.0,9325517.0,1.9122,1.5648
2006-07-05,1.8303,1.8332,1.8784,1.7964,27456861.0,13511747.0,1.9687,1.6128
2006-07-06,1.8247,1.836,1.8529,1.7908,11752417.0,5831190.0,2.0168,1.6496
2006-07-07,1.8501,1.8416,1.8812,1.8247,11917869.0,5819082.0,2.0196,1.6524
2006-07-10,1.836,1.8162,1.8388,1.7823,6789495.0,3397568.0,2.0252,1.658
2006-07-11,1.8219,1.8332,1.8586,1.7993,8049703.0,3973834.0,1.997,1.6354
2006-07-12,1.8332,1.8247,1.8416,1.8106,8841286.0,4380966.0,2.0168,1.6496
2006-07-13,1.819,1.6411,1.819,1.6411,13091104.0,6933920.0,2.0083,1.6411
2006-07-14,1.61,1.6157,1.6383,1.5846,7662847.0,4295818.0,1.8049,1.4773
2006-07-17,1.5959,1.6411,1.658,1.5846,4603860.0,2565632.0,1.7767,1.4547
2006-07-18,1.6326,1.627,1.6524,1.61,7076798.0,3929270.0,1.8049,1.4773
2006-07-19,1.6326,1.6185,1.6524,1.5846,4166881.0,2316896.0,1.7908,1.4631
2006-07-20,1.6185,1.6411,1.6467,1.61,4450240.0,2464035.0,1.7795,1.4575
2006-07-21,1.6383,1.6778,1.7061,1.6383,7616998.0,4100506.0,1.8049,1.4773
2006-07-24,1.6496,1.723,1.7569,1.6298,12801486.0,6723712.0,1.8445,1.5112
2006-07-25,1.7371,1.7738,1.7908,1.7343,10335286.0,5275430.0,1.8953,1.5507
2006-07-26,1.7767,1.7654,1.7795,1.7456,4306974.0,2210813.0,1.9518,1.5959
2006-07-27,1.7512,1.7315,1.7767,1.7004,4849515.0,2534208.0,1.9433,1.5902
2006-07-28,1.7315,1.7936,1.8586,1.7315,25235142.0,12634218.0,1.9038,1.5592
2006-07-31,1.788,1.6891,1.788,1.6383,11030292.0,5847949.0,1.9744,1.6157
2006-08-01,1.7032,1.6948,1.7258,1.6552,4550733.0,2421939.0,1.8586,1.5196
2006-08-02,1.7089,1.7597,1.7625,1.6609,4841253.0,2552992.0,1.8642,1.5253
2006-08-03,1.7625,1.788,1.8247,1.7597,13241462.0,6671731.0,1.9348,1.5846
2006-08-04,1.7936,1.6863,1.7936,1.6806,6545314.0,3397280.0,1.9659,1.61
2006-08-07,1.6778,1.5705,1.6778,1.5592,7232797.0,4034912.0,1.8558,1.5168
2006-08-08,1.5676,1.6383,1.6439,1.5563,4588151.0,2593779.0,1.7286,1.4123
2006-08-09,1.6354,1.61,1.6383,1.5987,3321999.0,1860330.0,1.8021,1.4744
2006-08-10,1.6383,1.6411,1.6524,1.6072,2535104.0,1401360.0,1.771,1.449
2006-08-11,1.6439,1.6693,1.675,1.6241,4517643.0,2465174.0,1.8049,1.4773
2006-08-14,1.6693,1.6693,1.6693,1.6693,0.0,0.0,,
2006-08-15,1.61,1.6637,1.6637,1.5818,2429374.0,1345594.0,1.836,1.5027
2006-08-16,1.6693,1.6693,1.6835,1.6552,2922377.0,1585027.0,1.8303,1.497
2006-08-17,1.6609,1.6609,1.6665,1.6213,2204811.0,1215443.0,1.836,1.5027
2006-08-18,1.6157,1.6354,1.6806,1.6157,2347368.0,1288397.0,1.8275,1.4942
2006-08-21,1.5676,1.6439,1.6496,1.5422,2844075.0,1605411.0,1.7993,1.4716
2006-08-22,1.6383,1.6439,1.6524,1.6185,2118167.0,1168579.0,1.8077,1.4801
2006-08-23,1.6439,1.6185,1.6439,1.6185,2437927.0,1354560.0,1.8077,1.4801
2006-08-24,1.6185,1.6326,1.6326,1.6044,2492364.0,1394723.0,1.7795,1.4575
2006-08-25,1.6298,1.6665,1.723,1.61,7087143.0,3827830.0,1.7964,1.4688
2006-08-28,1.6665,1.7004,1.7174,1.6524,5534102.0,2953581.0,1.8332,1.4999
2006-08-29,1.7032,1.6835,1.7315,1.6806,5736747.0,3045565.0,1.8699,1.5309
2006-08-30,1.658,1.6863,1.6891,1.658,3330872.0,1797971.0,1.8529,1.514
2006-08-31,1.6835,1.7258,1.7286,1.6835,6097534.0,3238029.0,1.8558,1.5168
2006-09-01,1.7258,1.6778,1.7371,1.6665,4030450.0,2145731.0,1.8981,1.5535
2006-09-04,1.6891,1.7569,1.7767,1.6778,11503900.0,5993466.0,1.8445,1.5112
2006-09-05,1.7541,1.7399,1.7597,1.7145,5484174.0,2855152.0,1.932,1.5818
2006-09-06,1.7286,1.7315,1.7428,1.7089,4467341.0,2337574.0,1.9151,1.5648
2006-09-07,1.7371,1.6835,1.7371,1.6637,3602772.0,1919488.0,1.9038,1.5592
2006-09-08,1.6806,1.6976,1.7371,1.675,3281147.0,1735011.0,1.8529,1.514
2006-09-11,1.6919,1.675,1.6976,1.6467,3518092.0,1908541.0,1.8671,1.5281
2006-09-12,1.6665,1.6976,1.723,1.6609,4011773.0,2131904.0,1.8416,1.5083
2006-09-13,1.6948,1.6693,1.7004,1.6665,3469328.0,1867136.0,1.8671,1.5281
2006-09-14,1.6665,1.7202,1.7597,1.61,10505078.0,5643482.0,1.836,1.5027
2006-09-15,1.7004,1.7174,1.7315,1.6665,7124230.0,3786774.0,1.8925,1.5479
2006-09-18,1.7174,1.7738,1.7767,1.7117,13303022.0,6857549.0,1.8897,1.5451
2006-09-19,1.7767,1.7795,1.8473,1.7767,29778271.0,14831024.0,1.9518,1.5959
2006-09-20,1.771,1.8021,1.8162,1.7569,8146016.0,4117072.0,1.9574,1.6015
2006-09-21,1.7795,1.7823,1.8219,1.7795,5243508.0,2638214.0,1.9829,1.6213
2006-09-22,1.7851,1.7343,1.7851,1.7258,5985675.0,3088736.0,1.9603,1.6044
2006-09-25,1.7343,1.7399,1.7569,1.7174,3355746.0,1752854.0,1.9066,1.562
2006-09-26,1.7399,1.7456,1.7512,1.723,3135447.0,1633034.0,1.9151,1.5648
2006-09-27,1.7371,1.7428,1.7484,1.723,2393449.0,1247136.0,1.9207,1.5705
2006-09-28,1.7315,1.7484,1.7654,1.7286,3864911.0,2003555.0,1.9179,1.5676
2006-09-29,1.7399,1.7908,1.7993,1.7399,6103169.0,3089594.0,1.9235,1.5733
2006-10-09,1.7936,1.7993,1.8247,1.788,5564388.0,2789197.0,1.9687,1.6128
2006-10-10,1.7936,1.9179,1.9348,1.7738,22253041.0,10762755.0,1.98,1.6185
2006-10-11,1.9151,1.9094,1.9546,1.8755,17264507.0,8180893.0,2.11,1.7258
2006-10-12,1.9122,1.8812,1.9659,1.8755,11391996.0,5370336.0,2.1015,1.7174
2006-10-13,1.8755,1.8558,1.8925,1.836,8817536.0,4283629.0,2.0704,1.6919
2006-10-16,1.8586,1.8332,1.8727,1.7625,11227050.0,5596176.0,2.0422,1.6693
2006-10-17,1.8247,1.8671,1.8897,1.8077,5553028.0,2711942.0,2.0168,1.6496
2006-10-18,1.8586,1.8784,1.884,1.836,4271331.0,2071514.0,2.0535,1.6806
2006-10-19,1.8784,1.8501,1.8784,1.8388,6667716.0,3244842.0,2.0676,1.6919
2006-10-20,1.8501,1.836,1.8586,1.8219,4406140.0,2166368.0,2.0365,1.6665
2006-10-23,1.836,1.819,1.8784,1.7851,5581643.0,2767158.0,2.0196,1.6524
2006-10-24,1.8134,1.8953,1.9009,1.8134,12681789.0,6128342.0,1.9998,1.6383
2006-10-25,1.8981,1.8727,1.9094,1.8416,8039893.0,3871546.0,2.0845,1.7061
2006-10-26,1.8784,1.9292,1.9603,1.8727,23157428.0,10826048.0,2.0591,1.6863
2006-10-27,1.9292,1.9405,1.9546,1.8953,15131295.0,7075750.0,2.1213,1.7371
2006-10-30,1.9377,1.9151,1.9574,1.8699,9479039.0,4505149.0,2.1354,1.7456
2006-10-31,1.9151,1.9998,2.0281,1.9066,23474674.0,10697872.0,2.1071,1.723
2006-11-01,1.9998,2.0139,2.0281,1.9687,14416034.0,6502918.0,2.2004,1.7993
2006-11-02,2.0252,2.0168,2.0281,1.949,14629607.0,6675942.0,2.2145,1.8134
2006-11-03,2.0139,1.9857,2.0139,1.9716,9929064.0,4512384.0,2.2173,1.8162
2006-11-06,1.9857,2.0394,2.0563,1.9546,13204797.0,5919302.0,2.1834,1.788
2006-11-07,2.0196,1.9885,2.0478,1.9772,8017590.0,3633293.0,2.2427,1.836
2006-11-08,1.9913,1.9377,1.9913,1.9348,9025802.0,4175258.0,2.1862,1.7908
2006-11-09,1.9235,1.9461,1.949,1.9235,6933243.0,3238307.0,2.1326,1.7428
2006-11-10,1.9433,1.8925,1.9772,1.8784,7766152.0,3674224.0,2.141,1.7512
2006-11-13,1.8671,1.8134,1.9207,1.8077,5713442.0,2791821.0,2.0817,1.7032
2006-11-14,1.8134,1.8445,1.8473,1.8077,3801674.0,1876374.0,1.9942,1.6326
2006-11-15,1.8473,1.8868,1.8981,1.836,3321049.0,1598650.0,2.0281,1.6609
2006-11-16,1.8925,1.8812,1.9659,1.8812,6671463.0,3143594.0,2.0761,1.6976
2006-11-17,1.8558,1.9659,1.9885,1.8445,15260235.0,7052947.0,2.0704,1.6919
2006-11-20,1.9659,1.9377,1.9913,1.9348,7300880.0,3361197.0,2.1636,1.7682
2006-11-21,1.9377,2.0507,2.0563,1.9292,17546485.0,7891965.0,2.1326,1.7428
2006-11-22,2.0422,2.2568,2.2568,2.0111,32236836.0,13415411.0,2.2568,1.8445
2006-11-23,2.3162,2.3218,2.4489,2.302,48423447.0,18630752.0,2.4828,2.0309
2006-11-24,2.3162,2.319,2.3388,2.254,14608957.0,5739203.0,2.5534,2.0902
2006-11-27,2.3162,2.415,2.4856,2.2907,27457311.0,10221142.0,2.5506,2.0874
2006-11-28,2.4037,2.3783,2.415,2.3388,14548716.0,5549862.0,2.6579,2.1749
2006-11-29,2.3444,2.432,2.48,2.3162,15638390.0,5794451.0,2.6156,2.141
2006-11-30,2.4546,2.528,2.6212,2.3953,27812313.0,9940435.0,2.6749,2.1891
2006-12-01,2.5082,2.5337,2.5563,2.4885,17563856.0,6265901.0,2.7822,2.2766
2006-12-04,2.5421,2.5563,2.6353,2.4941,13956609.0,4888173.0,2.7879,2.2794
2006-12-05,2.5676,2.5393,2.5704,2.4574,16709151.0,5999770.0,2.8133,2.302
2006-12-06,2.4856,2.4037,2.528,2.3218,13582773.0,5059610.0,2.7935,2.2851
2006-12-07,2.4037,2.4066,2.5026,2.3953,7500684.0,2760912.0,2.6438,2.1636
2006-12-08,2.4009,2.2879,2.4009,2.2879,10595124.0,4100576.0,2.6466,2.1665
2006-12-11,2.2597,2.3783,2.3981,2.2597,4150979.0,1609555.0,2.5167,2.0591
2006-12-12,2.3444,2.3275,2.4009,2.302,5287864.0,2037696.0,2.6156,2.141
2006-12-13,2.3303,2.3727,2.4094,2.3077,11767713.0,4469744.0,2.5591,2.0958
2006-12-14,2.3755,2.3953,2.4066,2.3416,10124278.0,3850656.0,2.6099,2.1354
2006-12-15,2.3953,2.3896,2.4235,2.3727,11864837.0,4473270.0,2.6353,2.1552
2006-12-18,2.3924,2.5224,2.5676,2.3924,21912915.0,7934541.0,2.6297,2.1495
2006-12-19,2.5224,2.5167,2.5393,2.4461,14227006.0,5172154.0,2.7737,2.271
2006-12-20,2.5139,2.5506,2.5591,2.4856,31240678.0,11138381.0,2.7681,2.2653
2006-12-21,2.5139,2.5704,2.6551,2.5139,21205120.0,7390176.0,2.8048,2.2964
2006-12-22,2.5167,2.5082,2.6156,2.4602,12624055.0,4526029.0,2.8274,2.3133
2006-12-25,2.528,2.5365,2.5845,2.4913,7592461.0,2715181.0,2.7596,2.2568
2006-12-26,2.5421,2.48,2.593,2.4574,7458732.0,2706451.0,2.7907,2.2823
2006-12-27,2.4772,2.4376,2.4885,2.4037,6001683.0,2197690.0,2.7286,2.2314
2006-12-28,2.4376,2.3868,2.4433,2.3472,23272092.0,8771094.0,2.6805,2.1947
2006-12-29,2.3727,2.5365,2.6127,2.3727,45600826.0,16496848.0,2.6269,2.1467
2007-01-04,2.5647,2.5082,2.5845,2.4659,9138578.0,3303632.0,2.7907,2.2823
2007-01-05,2.4856,2.5591,2.5986,2.4856,23258158.0,8270822.0,2.7596,2.2568
2007-01-08,2.5591,2.5591,2.5591,2.5591,0.0,0.0,,
2007-01-09,2.5591,2.5591,2.5591,2.5591,0.0,0.0,,
2007-01-10,2.7822,2.8161,2.8161,2.7822,9515610.0,3057050.0,2.8161,2.302
2007-01-11,3.0788,2.8839,3.0788,2.8246,51372158.0,15636758.0,3.0986,2.5337
2007-01-12,2.8528,2.6749,2.915,2.6721,18286835.0,5899936.0,3.172,2.5958
2007-01-15,2.6834,2.9432,2.9432,2.6834,26291504.0,8316362.0,2.9432,2.4066
2007-01-16,2.9517,3.0477,3.076,2.9517,51039329.0,15282560.0,3.237,2.6495
2007-01-17,3.0223,3.1353,3.22,2.9969,49587003.0,14283530.0,3.3528,2.7427
2007-01-18,3.1042,3.4488,3.4488,3.1042,54975849.0,14700470.0,3.4488,2.8218
2007-01-19,3.5025,3.6465,3.7285,3.4742,32357073.0,8121075.0,3.7934,3.1042
2007-01-22,3.6437,3.8584,3.9121,3.559,27474880.0,6599606.0,4.0109,3.2822
2007-01-23,3.8132,3.8358,4.0109,3.8132,25341423.0,5889958.0,4.2454,3.4714
2007-01-24,3.8612,3.8188,3.9827,3.7426,42436751.0,9969437.0,4.2199,3.4516
2007-01-25,3.6861,3.5194,3.6861,3.5194,20852354.0,5252173.0,4.2002,3.4375
2007-01-26,3.3895,3.5985,3.6155,3.381,34109238.0,8706755.0,3.8725,3.1664
2007-01-29,3.6296,3.5703,3.6578,3.5251,25459292.0,6411501.0,3.9573,3.2398
2007-01-30,3.5703,3.4884,3.5872,3.4036,15846504.0,4123875.0,3.9262,3.2144
2007-01-31,3.4855,3.1777,3.4855,3.1664,16578152.0,4491930.0,3.8386,3.1409
2007-02-01,2.9969,3.0929,3.1494,2.9715,19228994.0,5674480.0,3.4968,2.8613
2007-02-02,3.076,2.9743,3.1014,2.9517,15265093.0,4600800.0,3.4036,2.785
2007-02-05,2.963,3.011,3.076,2.9602,14681014.0,4390362.0,3.2709,2.6777
2007-02-06,3.0619,3.2652,3.2765,3.0223,17434437.0,4949946.0,3.3132,2.7088
2007-02-07,3.2963,3.2313,3.3161,3.1918,11134154.0,3104160.0,3.5929,2.9376
2007-02-08,3.2455,3.2793,3.2935,3.1212,9224427.0,2582083.0,3.5533,2.9093
2007-02-09,3.2455,3.237,3.3556,3.1296,7853867.0,2203021.0,3.607,2.9517
2007-02-12,3.1918,3.2935,3.3217,3.1918,10351431.0,2852477.0,3.5618,2.9122
2007-02-13,3.2935,3.2935,3.2935,3.2935,0.0,0.0,,
2007-02-14,3.3613,3.4968,3.5138,3.3048,17227793.0,4561683.0,3.6239,2.963
2007-02-15,3.5025,3.6324,3.6522,3.4884,18859794.0,4809206.0,3.8471,3.1466
2007-02-16,3.6748,3.5505,3.7059,3.5477,22102097.0,5583251.0,3.9968,3.2681
2007-02-26,3.559,3.5901,3.5901,3.4319,23871298.0,6133341.0,3.9064,3.1946
2007-02-27,3.6155,3.6042,3.7511,3.5025,67996839.0,16845315.0,3.9488,3.2313
2007-02-28,3.5731,3.7878,3.8895,3.3048,28914038.0,7215987.0,3.9657,3.2426
2007-03-01,3.7567,3.6607,3.8669,3.5251,21235537.0,5191392.0,4.1663,3.4093
2007-03-02,3.559,3.6691,3.7708,3.559,11325314.0,2786579.0,4.0279,3.2935
2007-03-05,3.6691,3.5307,3.7256,3.4178,15297138.0,3825222.0,4.0363,3.3019
2007-03-06,3.4404,3.6748,3.6776,3.4404,14656604.0,3659942.0,3.8838,3.1777
2007-03-07,3.7143,3.6776,3.7285,3.6014,23105409.0,5680992.0,4.042,3.3076
2007-03-08,3.6889,3.6946,3.72,3.5901,12976063.0,3192086.0,4.0448,3.3104
2007-03-09,3.6946,3.6296,3.7143,3.6155,10397656.0,2572829.0,4.0646,3.3245
2007-03-12,3.6239,3.6946,3.7087,3.559,14751296.0,3639482.0,3.994,3.2681
2007-03-13,3.6974,3.864,3.946,3.6861,24769670.0,5823248.0,4.0646,3.3245
2007-03-14,3.672,3.8047,3.8584,3.6155,24407148.0,5906618.0,4.251,3.4771
2007-03-15,3.8527,3.9064,3.9262,3.703,27223426.0,6415232.0,4.186,3.4234
2007-03-16,3.8979,3.72,3.9488,3.6833,19042121.0,4459242.0,4.2962,3.5166
2007-03-19,3.6465,3.6748,3.7567,3.6014,20687099.0,5082429.0,4.0928,3.3471
2007-03-20,3.6748,3.5872,3.7172,3.5025,22834262.0,5749565.0,4.042,3.3076
2007-03-21,3.6014,3.672,3.672,3.6014,19360045.0,4813638.0,3.946,3.2285
2007-03-22,3.7059,3.7115,3.8245,3.6748,20488386.0,4945517.0,4.0392,3.3048
2007-03-23,3.7511,3.7369,3.7878,3.6014,17839168.0,4354602.0,4.0815,3.3415
2007-03-26,3.7708,3.9375,3.9516,3.7708,35473035.0,8290685.0,4.1098,3.3641
2007-03-27,3.9375,4.0024,4.0392,3.8556,32521236.0,7407123.0,4.3301,3.5449
2007-03-28,4.0053,3.8838,4.0815,3.703,35801508.0,8227952.0,4.4035,3.6014
2007-03-29,3.8866,3.6296,4.0533,3.5336,39860200.0,9363395.0,4.2736,3.4968
2007-03-30,3.7624,3.6748,3.8414,3.5307,58454850.0,14546262.0,3.994,3.2681
2007-04-02,3.6663,3.7285,3.7511,3.6211,15327430.0,3767658.0,4.042,3.3076
2007-04-03,3.7426,3.7454,3.7708,3.6833,17334510.0,4202746.0,4.1013,3.3556
2007-04-04,3.7454,3.7059,3.7454,3.6437,21672674.0,5313315.0,4.1211,3.3697
2007-04-05,3.703,3.8414,3.9205,3.6946,30429177.0,7179069.0,4.0759,3.3358
2007-04-06,3.8414,3.8414,3.8414,3.8414,0.0,0.0,,
2007-04-09,3.9431,4.2256,4.2256,3.9403,92707737.0,20680477.0,4.2256,3.4573
2007-04-10,4.3781,4.2877,4.4233,4.1804,88858862.0,18620966.0,4.6493,3.8019
2007-04-11,4.2934,4.347,4.4007,4.1747,54867841.0,11598816.0,4.7171,3.8584
2007-04-12,4.3301,4.4403,4.4854,4.268,63676046.0,13006371.0,4.782,3.9121
2007-04-13,4.4629,4.3357,4.4911,4.3075,39118478.0,8074275.0,4.8837,3.9968
2007-04-16,4.347,4.3273,4.3781,4.2228,44732819.0,9471222.0,4.7707,3.9036
2007-04-17,4.316,4.3244,4.4261,4.1804,39454640.0,8308528.0,4.7594,3.8951
2007-04-18,4.3131,4.4403,4.4459,4.2369,46396933.0,9678387.0,4.7566,3.8923
2007-04-19,4.4318,4.2651,4.4346,4.0957,53980699.0,11491242.0,4.8837,3.9968
2007-04-20,4.2651,4.5024,4.5052,4.2397,43985219.0,9030054.0,4.6916,3.8386
2007-04-23,4.4911,4.6154,4.6606,4.4629,47783447.0,9368304.0,4.9515,4.0533
2007-04-24,4.6606,4.4572,4.6606,4.4487,39401386.0,7845715.0,5.0758,4.155
2007-04-25,4.4431,4.9035,4.9035,4.4374,55642747.0,10376710.0,4.9035,4.0109
2007-04-26,5.0362,4.9148,5.1972,4.8018,60644396.0,10959942.0,5.395,4.412
2007-04-27,4.8865,4.734,4.9035,4.5193,28935836.0,5490928.0,5.4063,4.4233
2007-04-30,4.686,5.1436,5.169,4.6634,46942006.0,8624221.0,5.2085,4.2595
2007-05-08,5.1436,5.1436,5.1436,5.1436,0.0,0.0,,
2007-05-09,5.3611,5.0927,5.4373,4.8329,46672179.0,8153773.0,5.6577,4.6295
2007-05-10,5.0927,4.9261,5.0927,4.8894,41755056.0,7649270.0,5.6012,4.5843
2007-05-11,4.9289,4.943,5.0193,4.8385,32475122.0,5941408.0,5.4176,4.4346
2007-05-14,4.9007,5.2594,5.3385,4.83,61138024.0,10829018.0,5.4373,4.4487
2007-05-15,5.2311,5.4458,5.5362,5.1549,106378357.0,17844416.0,5.7848,4.734
2007-05-16,5.4401,5.3325,5.4401,5.1058,23313593.0,4006726.0,5.9898,4.9018
2007-05-17,5.3523,5.5506,5.766,5.2163,37671155.0,6154486.0,5.8652,4.7998
2007-05-18,5.511,5.851,5.8652,5.3268,60186424.0,9480902.0,6.106,4.9953
2007-05-21,5.664,6.3752,6.4375,5.6441,44465704.0,6504496.0,6.4375,5.2673
2007-05-22,6.3752,6.5197,6.9673,6.2052,88952257.0,12236682.0,7.0127,5.7376
2007-05-23,6.3752,6.7973,6.9702,6.3752,45008320.0,6101654.0,7.1714,5.868
2007-05-24,6.8285,6.599,6.8285,6.4602,26695625.0,3668982.0,7.4774,6.1173
2007-05-25,6.616,6.4262,6.8002,6.3412,90525929.0,12777872.0,7.2592,5.9388
2007-05-28,6.4148,6.4318,6.6472,6.2618,63255351.0,8954000.0,7.0693,5.783
2007-05-29,6.4318,6.5112,6.5168,6.3525,66661393.0,9358541.0,7.075,5.7886
2007-05-30,5.9502,5.8595,6.3185,5.8595,41069714.0,6171933.0,7.1629,5.8595
2007-05-31,5.6555,5.6668,5.7745,5.273,79535785.0,13125178.0,6.446,5.273
2007-06-01,5.5875,5.2815,5.681,5.1285,40165145.0,6718125.0,6.2335,5.1001
2007-06-04,5.2276,5.0378,5.5535,4.7545,86387122.0,15222723.0,5.8085,4.7545
2007-06-05,4.7601,5.3665,5.3835,4.6751,50759386.0,9192589.0,5.5421,4.5335
2007-06-06,5.3693,5.5563,5.6385,5.2645,46825660.0,7761661.0,5.902,4.831
2007-06-07,5.5818,5.7603,5.834,5.5251,57227332.0,9025898.0,6.1117,5.001
2007-06-08,5.8028,5.732,5.8935,5.6725,20787749.0,3270115.0,6.3355,5.1851
2007-06-11,5.732,6.3043,6.3043,5.7235,55228937.0,8144794.0,6.3043,5.1596
2007-06-12,6.5168,6.5168,6.9022,6.3497,62885708.0,8663197.0,6.9362,5.6753
2007-06-13,6.5452,6.5168,6.7435,6.3893,65541398.0,9087312.0,7.1685,5.8652
2007-06-14,6.5083,6.4063,6.6727,6.3043,51618770.0,7196342.0,7.1685,5.8652
2007-06-15,6.4063,6.3072,6.4885,6.2335,35160548.0,5032291.0,7.0467,5.766
2007-06-18,6.4488,6.4658,6.6727,6.3695,35554776.0,4969910.0,6.939,5.6753
2007-06-19,6.4687,6.4687,6.5962,6.3242,33806939.0,4793286.0,7.1118,5.8198
2007-06-20,6.4885,6.4403,6.7293,6.4318,61655593.0,8540253.0,7.1147,5.8226
2007-06-21,6.6302,6.7548,6.973,6.5792,93157656.0,12507798.0,7.0835,5.7971
2007-06-22,6.6982,6.8228,6.9702,6.4913,101559845.0,13725043.0,7.4292,6.0805
2007-06-25,6.8172,6.2448,6.9418,6.1485,74811299.0,10345238.0,7.5057,6.14
2007-06-26,5.953,6.3667,6.3695,5.953,46570074.0,6853168.0,6.8682,5.6215
2007-06-27,6.5168,6.8682,7.0042,6.3922,68418128.0,9099299.0,7.0042,5.7291
2007-06-28,6.8682,6.7152,6.9418,6.6868,45312977.0,6069450.0,7.5539,6.1825
2007-06-29,6.7152,6.6018,6.8002,6.3752,63746420.0,8716250.0,7.3867,6.0437
2007-07-02,6.5452,6.1088,6.7152,5.9417,27078394.0,3905434.0,7.262,5.9417
2007-07-03,6.1088,6.3667,6.3808,5.9558,21541419.0,3144134.0,6.7208,5.4968
2007-07-04,6.3185,6.0862,6.3468,6.0352,10658648.0,1568800.0,7.0042,5.7291
2007-07-05,6.0352,5.7093,6.0465,5.477,25045917.0,4052128.0,6.6953,5.477
2007-07-06,5.6951,5.9218,5.9473,5.3835,19200384.0,3052640.0,6.2817,5.137
2007-07-09,5.936,5.9502,6.0777,5.7235,18035368.0,2767014.0,6.514,5.3296
2007-07-10,5.9275,5.7688,5.9275,5.7235,15729767.0,2467462.0,6.5452,5.3551
2007-07-11,5.749,5.9502,5.9502,5.749,11015599.0,1703251.0,6.3468,5.1908
2007-07-12,5.953,5.9643,6.0578,5.8992,10530399.0,1595462.0,6.5452,5.3551
2007-07-13,5.9643,5.9247,6.0493,5.817,5357599.0,818995.0,6.5622,5.3693
2007-07-16,6.0918,5.7546,6.0918,5.7235,7217732.0,1127766.0,6.5168,5.3325
2007-07-17,5.6696,5.6555,5.834,5.4486,21591890.0,3483750.0,6.3298,5.1795
2007-07-18,5.6271,5.5166,5.6385,5.2078,53264154.0,8946352.0,6.2222,5.0888
2007-07-19,5.3835,5.494,5.5535,5.358,14445626.0,2405366.0,6.0692,4.9641
2007-07-20,5.5421,6.0437,6.0437,5.5251,28832338.0,4516099.0,6.0437,4.9443
2007-07-23,6.2902,6.2222,6.4602,6.0635,52246814.0,7500778.0,6.6472,5.4401
2007-07-24,6.2363,6.1797,6.429,6.1768,32888912.0,4765584.0,6.8455,5.5988
2007-07-25,6.2335,6.3327,6.5735,6.2335,35823469.0,5117245.0,6.7973,5.562
2007-07-26,6.3808,6.2562,6.3893,5.9502,56309566.0,8238381.0,6.9673,5.7008
2007-07-27,6.1712,6.3185,6.3723,6.0918,32423406.0,4726278.0,6.8823,5.63
2007-07-30,6.3185,6.4375,6.5027,6.2618,26601763.0,3761811.0,6.9503,5.6866
2007-07-31,6.3752,6.5792,6.6868,6.3752,27760295.0,3851187.0,7.0807,5.7943
2007-08-01,6.5792,6.208,6.6755,6.1995,21931398.0,3132931.0,7.2365,5.9218
2007-08-02,6.2052,6.327,6.4262,6.2052,18485775.0,2665824.0,6.8285,5.5875
2007-08-03,6.3695,6.3865,6.5112,6.3412,22399554.0,3176733.0,6.9588,5.6951
2007-08-06,6.5168,6.6302,6.786,6.5168,32913355.0,4523725.0,7.024,5.749
2007-08-07,6.786,6.8285,6.9702,6.6868,59446807.0,7892630.0,7.2932,5.9672
2007-08-08,6.9305,7.0807,7.1742,6.7662,67688465.0,8781440.0,7.5114,6.1457
2007-08-09,7.0835,7.109,7.3074,6.9418,50606870.0,6452880.0,7.789,6.3723
2007-08-10,7.1005,7.6984,7.7834,6.9702,85700016.0,10486451.0,7.8202,6.3978
2007-08-13,7.7097,7.534,8.0752,7.1969,63644118.0,7503978.0,8.4691,6.9277
2007-08-14,7.5,7.6474,7.9335,7.4235,27927903.0,3298192.0,8.2877,6.7803
2007-08-15,7.7069,7.2252,7.7069,7.0552,59611282.0,7437664.0,8.4124,6.8823
2007-08-16,7.2252,7.0268,7.2252,6.8002,24927281.0,3247584.0,7.9477,6.5027
2007-08-17,7.0268,6.6812,7.0268,6.6387,53000950.0,7087533.0,7.7295,6.3242
2007-08-20,6.8143,7.0155,7.1232,6.8143,36408485.0,4719418.0,7.3499,6.0125
2007-08-21,7.041,7.0608,7.16,6.9418,34425329.0,4410150.0,7.7182,6.3128
2007-08-22,6.9418,7.16,7.262,6.8512,50309340.0,6488621.0,7.7664,6.3553
2007-08-23,7.1685,7.6134,7.7012,7.0835,66632964.0,8048861.0,7.8769,6.4432
2007-08-24,7.6162,7.6219,7.7352,7.3669,46072087.0,5489776.0,8.3755,6.8512
2007-08-27,7.6445,7.3272,7.7919,7.2479,32625432.0,3928307.0,8.384,6.8597
2007-08-28,7.3272,7.2167,7.3952,7.0835,42593731.0,5372707.0,8.061,6.5933
2007-08-29,7.0835,6.9928,7.2762,6.9702,21277683.0,2733101.0,7.9392,6.4942
2007-08-30,7.041,7.3499,7.4094,7.0127,26260027.0,3293126.0,7.6927,6.293
2007-08-31,7.4235,7.5539,7.6502,7.3187,33572645.0,4061235.0,8.0837,6.616
2007-09-03,7.5454,7.925,7.9392,7.4547,65951082.0,7659498.0,8.3104,6.7973
2007-09-04,7.8769,7.5964,8.0469,7.5085,49052555.0,5672064.0,8.7184,7.1317
2007-09-05,7.6077,7.6587,7.7352,7.3669,33798356.0,4102816.0,8.3557,6.837
2007-09-06,7.8174,7.7947,7.8202,7.4887,38496699.0,4517219.0,8.4237,6.8937
2007-09-07,7.7352,7.5964,7.9279,7.5624,31795374.0,3703235.0,8.5739,7.0155
2007-09-10,7.3669,7.6304,7.6502,7.2564,17135474.0,2098787.0,8.3557,6.837
2007-09-11,7.6304,7.2139,7.8485,7.1742,34869040.0,4124198.0,8.3925,6.8682
2007-09-12,7.1969,7.2592,7.6219,6.9787,22222696.0,2811779.0,7.9364,6.4913
2007-09-13,7.1487,7.4235,7.5057,7.1487,13004692.0,1591024.0,7.9845,6.5338
2007-09-14,7.4519,8.1659,8.1659,7.4519,68759049.0,7763635.0,8.1659,6.6812
2007-09-17,8.4634,8.9819,8.9819,8.3869,81411551.0,8435840.0,8.9819,7.3499
2007-09-18,8.9252,8.8969,9.2341,8.6844,37277390.0,3789078.0,9.8801,8.0837
2007-09-19,8.8912,9.2624,9.6336,8.8912,48832598.0,4784294.0,9.7866,8.0072
2007-09-20,9.2624,9.8489,10.0019,9.1264,48728967.0,4584563.0,10.1889,8.3359
2007-09-21,9.8886,10.4864,10.5063,9.6336,108427199.0,9567875.0,10.8349,8.8629
2007-09-24,10.4241,10.3703,10.4836,9.8603,70717547.0,6298278.0,11.5348,9.4381
2007-09-25,10.3759,10.0104,10.4269,9.9651,23196382.0,2084675.0,11.4073,9.3332
2007-09-26,10.0529,10.2768,11.0106,10.0048,69059569.0,5880774.0,11.0106,9.0102
2007-09-27,9.2482,9.9424,10.3108,9.2482,87681122.0,8003392.0,11.3053,9.2482
2007-09-28,9.8319,9.8546,10.2003,9.4636,140421606.0,13166736.0,10.9369,8.9479
2007-10-08,10.0586,9.8489,10.1691,9.7809,30275560.0,2771853.0,10.8406,8.8686
2007-10-09,9.8489,9.5514,10.2003,9.5231,31299020.0,2921760.0,10.8349,8.8629
2007-10-10,9.5514,9.6987,10.1889,9.4919,49376385.0,4540765.0,10.5063,8.5966
2007-10-11,9.6052,9.9793,10.2144,9.5514,32700953.0,2978950.0,10.6678,8.7297
2007-10-12,9.9793,10.4241,10.6423,9.6959,69564851.0,6156806.0,10.9766,8.9819
2007-10-15,10.4269,10.9029,11.3903,10.4269,68630783.0,5619648.0,11.4668,9.3814
2007-10-16,10.9143,10.4468,11.362,10.3419,45088338.0,3874979.0,11.9938,9.8121
2007-10-17,10.4468,10.0303,10.5771,10.0076,34324181.0,3057674.0,11.4923,9.4012
2007-10-18,10.0218,9.9651,10.1578,9.9169,16549579.0,1498730.0,11.0333,9.0272
2007-10-19,9.9651,10.0643,10.1946,9.6364,13737524.0,1254013.0,10.9624,8.9677
2007-10-22,9.9679,9.9991,10.2484,9.9169,13593048.0,1219805.0,11.0701,9.0584
2007-10-23,10.0813,9.5259,10.2003,9.3502,16243331.0,1532413.0,10.9993,8.9989
2007-10-24,9.6336,9.6874,9.8461,9.5146,8892605.0,834586.0,10.4779,8.5739
2007-10-25,9.5797,9.0726,9.6619,8.8119,20158290.0,2001488.0,10.6564,8.7184
2007-10-26,9.0952,8.7949,9.2086,8.1885,20987422.0,2184784.0,9.9793,8.1659
2007-10-29,8.7949,8.6646,9.0612,8.4152,19185017.0,2039482.0,9.6732,7.9165
2007-10-30,8.6419,9.0357,9.0386,8.3614,19690819.0,2045741.0,9.5316,7.7975
2007-10-31,9.2369,9.3077,9.5202,9.0726,34918902.0,3378432.0,9.9396,8.1319
2007-11-01,9.3077,8.7269,9.4069,8.7269,33609109.0,3452957.0,10.2399,8.3784
2007-11-02,8.6702,8.3699,8.6702,8.2169,12066032.0,1303574.0,9.5996,7.8542
2007-11-05,8.4946,8.5881,8.6136,8.1659,23774306.0,2583168.0,9.2057,7.534
2007-11-06,8.7212,8.7581,9.1547,8.6136,20768344.0,2102019.0,9.4466,7.7295
2007-11-07,8.7864,8.5541,8.9224,8.3614,19527345.0,2035962.0,9.6336,7.8825
2007-11-08,8.6419,8.2594,8.7552,8.2169,20402105.0,2208442.0,9.4097,7.6984
2007-11-09,8.299,8.2254,8.299,7.9335,9421608.0,1049440.0,9.0867,7.4349
2007-11-12,8.2254,8.2254,8.2254,8.2254,0.0,0.0,,
2007-11-13,8.2169,8.1205,8.5002,7.9902,13623098.0,1489091.0,9.0471,7.4037
2007-11-14,8.0979,8.5654,8.5739,8.0979,14405960.0,1565050.0,8.9337,7.3074
2007-11-15,8.5569,8.2027,8.6419,8.1885,13321200.0,1425821.0,9.4211,7.7097
2007-11-16,8.1885,7.9307,8.1885,7.8769,23814444.0,2707456.0,9.0244,7.3839
2007-11-19,8.0469,7.9874,8.0469,7.857,6991955.0,795235.0,8.7241,7.1374
2007-11-20,7.9817,8.4691,8.5569,7.9817,16119537.0,1738992.0,8.7864,7.1884
2007-11-21,8.6164,8.3217,8.6277,8.3019,13529632.0,1434026.0,9.3162,7.6219
2007-11-22,8.2197,8.4606,8.7269,8.061,36472774.0,3885520.0,9.1547,7.4887
2007-11-23,8.5002,8.6419,8.6901,8.4606,10257841.0,1085110.0,9.3077,7.6134
2007-11-26,8.6844,8.3897,8.9252,8.3585,12902162.0,1350973.0,9.5061,7.7777
2007-11-27,8.3104,8.2169,8.5796,8.2027,8560989.0,937872.0,9.2284,7.551
2007-11-28,8.3585,8.2169,8.3585,8.0837,8151184.0,902666.0,9.0386,7.3952
2007-11-29,8.2169,8.6249,8.6419,8.1035,15520095.0,1675651.0,9.0386,7.3952
2007-11-30,8.6249,8.6249,8.6249,8.6249,0.0,0.0,,
2007-12-03,9.0102,8.6221,9.0641,8.5002,20177689.0,2086694.0,9.4862,7.7635
2007-12-04,8.401,8.6334,8.7779,8.401,10238466.0,1067174.0,9.4834,7.7607
2007-12-05,8.7722,8.8827,8.9224,8.5456,9095112.0,935398.0,9.4976,7.7692
2007-12-06,8.8827,8.8941,8.9536,8.7269,5166388.0,530170.0,9.7724,7.9959
2007-12-07,8.9536,9.2454,9.2936,8.8912,13429800.0,1328806.0,9.7838,8.0044
2007-12-10,9.2086,9.3361,9.6534,9.0669,26060448.0,2524106.0,10.1691,8.3217
2007-12-11,9.2936,9.1462,9.4891,9.1264,20700774.0,2023645.0,10.2711,8.4039
2007-12-12,9.2539,9.4012,9.4012,8.8629,15449432.0,1506227.0,10.0614,8.231
2007-12-13,9.4012,9.1264,9.5429,9.0952,10403143.0,1007040.0,10.3419,8.4606
2007-12-14,9.1264,9.2907,9.2936,8.9281,6491479.0,642202.0,10.0388,8.214
2007-12-17,9.1859,8.9111,9.2907,8.8119,15570768.0,1569405.0,10.2201,8.3614
2007-12-18,8.8884,9.3842,9.7611,8.8884,15528728.0,1509578.0,9.8036,8.0214
2007-12-19,9.3842,9.3842,9.3842,9.3842,0.0,0.0,,
2007-12-20,9.6619,9.7838,9.8574,9.6619,30285982.0,2801654.0,10.3221,8.4464
2007-12-21,9.7979,9.7611,9.8886,9.5231,11752038.0,1097885.0,10.7613,8.8062
2007-12-24,9.8886,10.0558,10.2144,9.6336,28573779.0,2597546.0,10.7386,8.7864
2007-12-25,10.0558,10.2258,10.3703,9.8631,28138656.0,2501827.0,11.0616,9.0499
2007-12-26,10.3674,10.1946,10.4269,10.0586,28438485.0,2509235.0,11.2486,9.2029
2007-12-27,10.2824,10.2796,10.4496,10.1719,19845171.0,1745091.0,11.2146,9.1746
2007-12-28,10.3929,10.2626,10.8179,10.2003,22962128.0,1991942.0,11.3081,9.2511
2008-01-02,10.2088,10.7244,10.7953,10.2059,30747671.0,2619936.0,11.2883,9.2369
2008-01-03,10.6536,10.6168,10.8689,10.4326,10603114.0,907930.0,11.7983,9.6534
2008-01-04,10.5969,10.7669,10.8463,10.4836,22633780.0,1916851.0,11.6793,9.5542
2008-01-07,11.073,11.1183,11.1353,10.7953,18442740.0,1522595.0,11.8436,9.6902
2008-01-08,11.192,10.7074,11.192,10.5119,26276633.0,2206323.0,12.229,10.0076
2008-01-09,10.6819,10.9058,11.192,10.6791,14877948.0,1233574.0,11.7785,9.6364
2008-01-10,11.0503,11.1013,11.1778,10.9398,24744271.0,2024947.0,11.9966,9.8149
2008-01-11,11.124,11.2968,11.7586,11.124,46959856.0,3692387.0,12.212,9.9906
2008-01-14,11.3903,11.2486,11.3903,11.0163,40952848.0,3338614.0,12.4273,10.1663
2008-01-15,11.2486,11.6425,11.719,11.0588,23205082.0,1830397.0,12.3735,10.1238
2008-01-16,11.6736,11.1665,11.6878,11.1296,39664337.0,3200899.0,12.807,10.4779
2008-01-17,11.0645,11.3166,11.5603,10.9086,28638178.0,2312058.0,12.2828,10.0501
2008-01-18,11.3166,11.3421,11.532,10.7924,14912408.0,1194381.0,12.4472,10.1861
2008-01-21,11.2826,10.9454,11.3336,10.4269,20003035.0,1653306.0,12.4755,10.2088
2008-01-22,10.9454,10.1946,10.9454,9.8603,39935960.0,3553437.0,12.0391,9.8518
2008-01-23,10.1719,10.4411,10.6536,9.9169,14243093.0,1264653.0,11.2146,9.1746
2008-01-24,10.4354,10.0529,10.4439,9.8744,52289370.0,4740208.0,11.4866,9.3984
2008-01-25,9.9169,9.9056,10.1124,9.7299,29222627.0,2679834.0,11.0588,9.0471
2008-01-28,9.8858,8.9309,9.8858,8.9139,32111380.0,3181325.0,10.8973,8.9139
2008-01-29,8.9309,8.8657,9.1576,8.5512,12837659.0,1320291.0,9.8234,8.0384
2008-01-30,9.0641,8.9026,9.1377,8.7836,18004207.0,1828506.0,9.7526,7.9789
2008-01-31,8.7836,8.8091,9.0046,8.7836,3879289.0,396800.0,9.7923,8.0129
2008-02-01,8.8006,8.282,8.8006,8.1744,30163659.0,3255270.0,9.6902,7.9279
2008-02-04,8.4152,9.1094,9.1094,8.4152,9812025.0,989680.0,9.1094,7.4547
2008-02-05,9.5146,9.6534,9.7979,9.1491,17065001.0,1615050.0,10.0218,8.1999
2008-02-13,9.6477,10.0586,10.2994,9.3474,26323293.0,2372794.0,10.6196,8.6872
2008-02-14,10.0614,10.1408,10.3363,9.5996,9140948.0,822205.0,11.0645,9.0527
2008-02-15,10.0303,10.2654,10.3221,9.7894,12143005.0,1093568.0,11.1551,9.1264
2008-02-18,10.4836,10.2258,10.5006,10.1719,17958548.0,1577024.0,11.2911,9.2397
2008-02-19,10.2994,10.3816,10.4269,10.2258,7925246.0,696896.0,11.2486,9.2029
2008-02-20,10.4411,10.0388,10.4864,9.9198,14904064.0,1330035.0,11.4186,9.3446
2008-02-21,10.0359,10.0444,10.1719,9.7894,5346320.0,487379.0,11.0418,9.0357
2008-02-22,9.8603,9.9169,10.1918,9.6619,6371475.0,583840.0,11.0503,9.0414
2008-02-25,9.8603,9.4381,9.9169,9.2936,13791744.0,1310976.0,10.9086,8.9252
2008-02-26,9.5996,9.3474,9.9963,8.9394,12394668.0,1208096.0,10.3816,8.4946
2008-02-27,9.3502,9.4777,9.5769,9.3446,7678126.0,732515.0,10.2824,8.4124
2008-02-28,9.3786,9.3786,9.6902,9.3219,8740303.0,841296.0,10.4269,8.5314
2008-02-29,9.3814,9.3474,9.5429,9.2652,7300501.0,708048.0,10.3164,8.4407
2008-03-03,9.4324,9.6364,9.6477,9.0669,33439923.0,3231088.0,10.2824,8.4124
2008-03-04,9.6336,9.2256,9.8546,9.0612,46343765.0,4532992.0,10.5998,8.6731
2008-03-05,9.2341,9.0641,9.2341,8.9309,14959764.0,1501347.0,10.1493,8.3019
2008-03-06,9.0697,9.1491,9.1717,8.9536,7173546.0,715779.0,9.9708,8.1574
2008-03-07,9.0102,9.2936,9.4494,8.9819,14393223.0,1397827.0,10.0643,8.2339
2008-03-10,9.4352,8.9677,9.4352,8.9479,5298972.0,528320.0,10.2229,8.3642
2008-03-11,9.0102,8.8912,9.0102,8.5002,6890014.0,717827.0,9.8659,8.0724
2008-03-12,9.0584,8.4974,9.1094,8.4946,12425083.0,1309312.0,9.7809,8.0015
2008-03-13,8.5286,8.0157,8.5286,7.6814,6440984.0,725152.0,9.3474,7.6474
2008-03-14,8.0469,7.6304,8.214,7.5709,17344649.0,2038906.0,8.8176,7.2139
2008-03-17,7.6077,6.8965,7.7069,6.8682,21800574.0,2805997.0,8.3925,6.8682
2008-03-18,6.8852,6.3383,6.8852,6.208,24836202.0,3486710.0,7.585,6.208
2008-03-19,6.7945,6.3723,6.8568,6.3383,30012326.0,4169184.0,6.973,5.7036
2008-03-20,6.4545,6.8087,6.8285,5.9615,29742599.0,4179837.0,7.0098,5.7348
2008-03-21,6.8115,7.0268,7.2252,6.7577,55475594.0,7232899.0,7.4887,6.1287
2008-03-24,7.0608,6.8512,7.2252,6.803,39964827.0,5109568.0,7.7295,6.3242
2008-03-25,6.718,6.9532,7.058,6.5168,14377724.0,1901405.0,7.5369,6.1655
2008-03-26,6.9362,6.9248,7.1118,6.803,16181378.0,2103677.0,7.6474,6.259
2008-03-27,6.9418,6.5792,6.9418,6.5168,12410950.0,1698506.0,7.6162,6.2335
2008-03-28,6.4035,6.7293,6.8002,6.242,15236332.0,2127798.0,7.2365,5.9218
2008-03-31,6.4885,6.3922,6.6018,6.3327,11463028.0,1608122.0,7.4037,6.0578
2008-04-01,6.2675,5.7518,6.3922,5.7518,21218733.0,3215200.0,7.0325,5.7518
2008-04-02,5.8028,5.4401,5.8935,5.2475,11438569.0,1864483.0,6.327,5.1766
2008-04-03,5.4685,5.8198,5.8198,5.2701,11788227.0,1902880.0,5.9842,4.8961
2008-04-07,5.8085,6.3667,6.3893,5.5875,29918531.0,4434547.0,6.4007,5.239
2008-04-08,6.3582,6.718,6.8427,6.2618,37295345.0,5093485.0,7.0042,5.7291
2008-04-09,6.718,6.3922,6.718,6.3808,40065458.0,5542790.0,7.3895,6.0465
2008-04-10,6.3185,6.684,6.7917,6.2335,20527268.0,2839286.0,7.0325,5.7518
2008-04-11,6.7152,7.0807,7.1969,6.6613,50599275.0,6504464.0,7.3527,6.0153
2008-04-14,7.0098,6.6018,7.0098,6.3723,31309853.0,4286106.0,7.789,6.3723
2008-04-15,6.5735,6.8937,6.9022,6.4772,11041616.0,1506675.0,7.262,5.9417
2008-04-16,6.9418,6.7888,7.0268,6.6897,14399904.0,1904227.0,7.5822,6.2052
2008-04-17,6.8228,6.4517,6.9418,6.3752,6854961.0,941021.0,7.4689,6.1088
2008-04-18,6.446,6.1457,6.4602,6.0918,7769502.0,1130602.0,7.0977,5.8056
2008-04-21,6.6982,6.1485,6.6982,6.1457,14950860.0,2108637.0,6.7605,5.5308
2008-04-22,6.1485,6.1485,6.1485,6.1485,0.0,0.0,,
2008-04-23,6.0352,6.4403,6.4828,6.0352,7591342.0,1086803.0,6.7633,5.5336
2008-04-24,7.0835,7.0523,7.0835,6.7718,44890484.0,5841526.0,7.0835,5.7971
2008-04-25,7.041,6.9532,7.3102,6.8143,51561756.0,6599578.0,7.7579,6.3468
2008-04-28,6.9418,6.7435,6.9418,6.6868,11793595.0,1581130.0,7.6474,6.259
2008-04-29,6.6812,6.5735,6.854,6.4318,36124359.0,4952259.0,7.4179,6.0692
2008-04-30,6.5735,7.2309,7.2309,6.5735,45986886.0,6006694.0,7.2309,5.9162
2008-05-05,7.2535,7.3697,7.4745,7.0835,42321876.0,5281619.0,7.9534,6.5083
2008-05-06,7.2535,7.2592,7.4519,7.1147,19717335.0,2453670.0,8.1064,6.633
2008-05-07,7.16,6.786,7.3102,6.6585,17011241.0,2170851.0,7.9845,6.5338
2008-05-08,6.8058,6.8002,6.956,6.6443,34016827.0,4570557.0,7.466,6.1088
2008-05-09,6.888,6.4857,6.9928,6.4602,58460155.0,7953597.0,7.4802,6.1202
2008-05-12,6.4318,6.5848,6.6528,6.123,30265877.0,4335437.0,7.1345,5.8368
2008-05-13,7.2252,7.2422,7.2422,7.2252,131687456.0,16489869.0,7.2422,5.9275
2008-05-14,7.9335,7.9675,7.9675,7.6644,83271514.0,9525546.0,7.9675,6.5168
2008-05-15,8.5002,7.9052,8.7637,7.8174,242166664.0,27055398.0,8.7637,7.1714
2008-05-16,7.8797,7.6219,7.9052,7.4745,68739037.0,8127008.0,8.6957,7.1147
2008-05-19,7.6984,8.384,8.384,7.6984,162785228.0,17758806.0,8.384,6.8597
2008-05-20,8.6986,8.3557,9.0244,8.2169,253830486.0,26504733.0,9.2227,7.5454
2008-05-21,8.2735,8.5654,8.7836,7.5652,155711459.0,17134672.0,9.1916,7.5199
2008-05-22,8.4804,8.2197,8.4946,7.9619,126681540.0,14059488.0,9.4211,7.7097
2008-05-23,7.9902,7.5935,8.1035,7.568,71033788.0,8320323.0,9.0414,7.398
2008-05-26,7.3669,7.0722,7.9874,7.0552,89347220.0,10930736.0,8.3529,6.8342
2008-05-27,7.1062,6.8568,7.296,6.7718,88429646.0,11699728.0,7.7805,6.3638
2008-05-28,6.871,7.0042,7.0693,6.735,86664993.0,11444586.0,7.5425,6.1712
2008-05-29,6.939,6.9503,7.3952,6.8115,125920381.0,15926550.0,7.704,6.3043
2008-05-30,6.9503,6.7662,7.0098,6.6868,56963182.0,7620909.0,7.6445,6.2562
2008-06-02,6.7463,6.9362,7.0127,6.616,53992493.0,7183530.0,7.4434,6.089
2008-06-03,6.9333,7.024,7.0382,6.8143,52301555.0,6831146.0,7.6304,6.242
2008-06-04,7.0212,6.9447,7.0212,6.7095,31282401.0,4128102.0,7.7267,6.3213
2008-06-05,6.8143,6.786,6.9135,6.7435,21027606.0,2801395.0,7.6389,6.2505
2008-06-06,6.7435,6.7718,6.8002,6.6585,16721082.0,2250275.0,7.466,6.1088
2008-06-10,6.4073,6.0941,6.4073,6.0941,14397344.0,2124589.0,7.4496,6.0941
2008-06-11,5.6897,5.7239,5.8947,5.5815,33845000.0,5369325.0,6.7035,5.4847
2008-06-12,5.6071,5.8008,5.8947,5.553,31639531.0,5054022.0,6.2963,5.1515
2008-06-13,5.8947,5.5786,5.946,5.5559,20768344.0,3267482.0,6.3817,5.2198
2008-06-16,5.6669,5.3879,5.6669,5.3224,23473649.0,3948224.0,6.1368,5.0205
2008-06-17,5.4049,4.8496,5.4135,4.8496,30088236.0,5399798.0,5.9261,4.8496
2008-06-18,4.6389,5.0091,5.0689,4.562,51536014.0,9580365.0,5.3337,4.3655
2008-06-19,4.9721,4.5222,4.9721,4.5079,43913116.0,8602096.0,5.5103,4.5079
2008-06-20,4.3484,4.4794,4.7699,4.1861,29173150.0,5910947.0,4.9749,4.0694
2008-06-23,4.3855,4.3427,4.5307,4.2744,18053769.0,3725392.0,4.9265,4.0323
2008-06-24,4.3228,4.5051,4.5335,4.3228,26349234.0,5408003.0,4.7784,3.9099
2008-06-25,4.5222,4.7984,4.8126,4.4567,28299956.0,5501603.0,4.955,4.0551
2008-06-26,4.7614,4.9522,4.9692,4.7414,35800363.0,6702182.0,5.2796,4.32
2008-06-27,4.8069,4.5563,4.8269,4.4766,30694226.0,5969504.0,5.4477,4.4567
2008-06-30,4.5022,4.6047,4.6104,4.451,8769304.0,1751942.0,5.012,4.1007
2008-07-01,4.5506,4.4709,4.6987,4.4139,10806964.0,2194384.0,5.0661,4.1434
2008-07-02,4.4709,4.5364,4.6019,4.451,12057220.0,2428512.0,4.918,4.0238
2008-07-03,4.451,4.6418,4.7443,4.357,24883189.0,4957162.0,4.9892,4.0836
2008-07-04,4.6275,4.5535,4.6645,4.5449,11085625.0,2200339.0,5.1059,4.1776
2008-07-07,4.6076,4.9009,4.955,4.5421,30522679.0,5798285.0,5.0091,4.0978
2008-07-08,4.9009,5.0262,5.0632,4.8496,37320989.0,6832874.0,5.3907,4.4111
2008-07-09,5.0262,5.16,5.1714,4.9835,29106879.0,5223750.0,5.5302,4.525
2008-07-10,5.1657,5.3309,5.6498,5.1259,70853566.0,11846576.0,5.6755,4.6446
2008-07-11,5.2227,5.1515,5.3537,5.0433,30604039.0,5437552.0,5.8634,4.7984
2008-07-14,5.0974,5.1686,5.2084,5.0831,17160221.0,3040157.0,5.6669,4.6361
2008-07-15,5.16,4.9237,5.2113,4.9066,25549217.0,4595664.0,5.6869,4.6531
2008-07-16,4.8411,4.8183,4.9294,4.6446,21703372.0,4144915.0,5.4163,4.431
2008-07-17,4.8724,4.9322,5.0376,4.8639,34941480.0,6447306.0,5.2996,4.3371
2008-07-18,5.0091,5.1088,5.1259,4.7357,22272142.0,4085411.0,5.4249,4.4396
2008-07-21,5.1259,5.3081,5.3252,5.0433,28957172.0,5014563.0,5.6185,4.599
2008-07-22,5.3138,5.2483,5.4021,5.2398,31202982.0,5350653.0,5.8378,4.7784
2008-07-23,5.2626,5.2198,5.348,5.1543,14483657.0,2521942.0,5.7723,4.7243
2008-07-24,5.2683,5.3736,5.3964,5.1857,26218546.0,4495693.0,5.741,4.6987
2008-07-25,5.291,5.2483,5.3224,5.2426,13580788.0,2346634.0,5.9118,4.8354
2008-07-28,5.2426,5.2398,5.3394,5.1259,14387492.0,2495792.0,5.7723,4.7243
2008-07-29,5.18,5.18,5.254,5.1059,10597874.0,1874845.0,5.7638,4.7158
2008-07-30,5.2341,5.3907,5.6983,5.16,68701951.0,11384406.0,5.6983,4.6617
2008-07-31,5.3565,5.1145,5.459,4.9806,38424392.0,6826394.0,5.9289,4.8525
2008-08-01,5.1145,5.1145,5.1145,5.1145,0.0,0.0,,
2008-08-04,5.0063,4.8126,5.1088,4.7898,34740038.0,6489613.0,5.6271,4.6019
2008-08-05,4.7841,4.8098,4.8667,4.7016,17642355.0,3377776.0,5.2939,4.3314
2008-08-06,4.9265,4.8297,4.9265,4.7671,9220239.0,1742253.0,5.291,4.3285
2008-08-07,4.9123,4.8212,4.9123,4.7414,7204897.0,1371414.0,5.3138,4.3456
2008-08-08,4.787,4.5478,4.8838,4.4737,12271227.0,2392378.0,5.3024,4.3399
2008-08-11,4.4994,4.2943,4.5335,4.2146,14829646.0,3128630.0,5.0034,4.0921
2008-08-12,4.2716,4.3086,4.3399,4.0437,10183516.0,2182701.0,4.7243,3.8643
2008-08-13,4.2032,4.3257,4.3684,4.2032,9003066.0,1920701.0,4.7386,3.8786
2008-08-14,4.3,4.3314,4.3798,4.2431,5352038.0,1127398.0,4.7585,3.8928
2008-08-15,4.3314,4.3541,4.3997,4.2943,5302788.0,1111024.0,4.7642,3.8985
2008-08-18,4.3541,4.2118,4.3712,4.0466,13165748.0,2808371.0,4.7898,3.9184
2008-08-19,4.1833,4.2345,4.2716,4.0779,12030831.0,2596858.0,4.6332,3.7903
2008-08-20,4.1747,4.5222,4.6133,4.0893,19834978.0,4102170.0,4.6588,3.8102
2008-08-21,4.3912,4.2943,4.5136,4.2004,12535517.0,2619965.0,4.9749,4.0694
2008-08-22,4.2716,4.2374,4.2943,4.1349,6177125.0,1332851.0,4.7243,3.8643
2008-08-25,4.2915,4.2573,4.2972,4.1605,5722798.0,1225875.0,4.6617,3.8131
2008-08-26,4.1861,4.1548,4.2402,4.0751,5714364.0,1254752.0,4.6845,3.833
2008-08-27,4.0779,4.1861,4.2203,4.0751,4588650.0,1006490.0,4.5706,3.739
2008-08-28,4.1861,4.189,4.2231,4.1576,3532437.0,768547.0,4.6047,3.7675
2008-08-29,4.2573,4.3285,4.3684,4.1975,6027069.0,1271750.0,4.6076,3.7704
2008-09-01,4.357,4.3371,4.4282,4.2972,9727227.0,2030243.0,4.7614,3.8957
2008-09-02,4.2772,4.2402,4.3371,4.1576,3776839.0,815651.0,4.7699,3.9042
2008-09-03,4.2431,4.226,4.2687,4.1292,5552453.0,1208182.0,4.6645,3.8159
2008-09-04,4.1918,4.2146,4.2716,4.1349,7191695.0,1564416.0,4.6475,3.8045
2008-09-05,4.1235,4.0893,4.1377,4.0665,5419222.0,1206720.0,4.6361,3.7931
2008-09-08,4.0181,3.9953,4.0978,3.9697,6906627.0,1565341.0,4.4994,3.6792
2008-09-09,3.9953,3.9782,4.0153,3.9498,3435254.0,787862.0,4.394,3.5966
2008-09-10,3.9583,3.9725,4.0836,3.7305,3421569.0,787952.0,4.3769,3.5796
2008-09-11,3.9526,3.8017,3.9526,3.8017,5822173.0,1371725.0,4.3712,3.5767
2008-09-12,3.7305,3.7675,3.8387,3.7248,2119190.0,510880.0,4.1833,3.4229
2008-09-16,3.7675,3.6308,3.7846,3.6023,6553180.0,1614730.0,4.1434,3.3916
2008-09-17,3.6308,3.5226,3.6707,3.4514,4042949.0,1038656.0,3.9953,3.2692
2008-09-18,3.403,3.3318,3.5027,3.2635,7214279.0,1972374.0,3.8757,3.1695
2008-09-19,3.6451,3.665,3.665,3.6194,9438639.0,2351325.0,3.665,2.9986
2008-09-22,3.9498,3.7846,4.0323,3.5625,21475212.0,5149642.0,4.0323,3.2976
2008-09-23,3.6451,3.5853,3.6963,3.5169,19747152.0,5022851.0,4.1633,3.4059
2008-09-24,3.5596,3.5739,3.5824,3.4543,7722438.0,2005110.0,3.9441,3.2264
2008-09-25,3.5739,3.702,3.759,3.534,21275796.0,5281098.0,3.9327,3.2179
2008-09-26,3.6906,3.7447,3.7561,3.6251,16245995.0,4011315.0,4.0722,3.3318
2008-10-06,3.6764,3.5368,3.6764,3.5255,9020138.0,2286010.0,4.1206,3.3717
2008-10-07,3.3546,3.4457,3.5454,3.3176,9814017.0,2585990.0,3.89,3.1837
2008-10-08,3.3204,3.3204,3.3888,3.3204,5364336.0,1460288.0,3.7903,3.1011
2008-10-09,3.3688,3.2976,3.46,3.2891,5518195.0,1509098.0,3.6536,2.9872
2008-10-10,3.1325,3.0869,3.1951,3.0613,5942447.0,1734672.0,3.628,2.9673
2008-10-13,3.0584,3.0328,3.0983,2.8904,10034279.0,3071766.0,3.3945,2.7794
2008-10-14,3.1752,2.9901,3.1752,2.936,7637785.0,2253760.0,3.3375,2.7309
2008-10-15,2.9047,2.8619,2.9559,2.8278,4746827.0,1504282.0,3.2891,2.6911
2008-10-16,2.7566,2.6113,2.7566,2.5943,5335507.0,1821846.0,3.1496,2.5772
2008-10-17,2.6199,2.6256,2.7025,2.5601,3643608.0,1274294.0,2.8733,2.3494
2008-10-20,2.6256,2.7167,2.7167,2.5914,3783984.0,1295306.0,2.8876,2.3636
2008-10-21,2.7423,2.8164,2.8591,2.7224,10672561.0,3481395.0,2.9872,2.4462
2008-10-22,2.7765,2.7879,2.8705,2.6911,8720316.0,2835453.0,3.0983,2.5345
2008-10-23,2.7623,2.8449,2.8534,2.7082,3668169.0,1204826.0,3.067,2.5088
2008-10-24,2.8078,2.8904,2.9588,2.8078,11002819.0,3447741.0,3.1296,2.5601
2008-10-27,2.8192,2.6056,2.8192,2.6028,5884798.0,1975248.0,3.1809,2.6028
2008-10-28,2.5601,2.7082,2.7196,2.4917,4349339.0,1492138.0,2.8676,2.3465
2008-10-29,2.7537,2.6398,2.7765,2.637,4258922.0,1431718.0,2.9787,2.4376
2008-10-30,2.6484,2.7936,2.8705,2.6398,8212828.0,2701168.0,2.9047,2.375
2008-10-31,2.7936,2.7936,2.8904,2.7053,10929960.0,3526390.0,3.0727,2.5145
2008-11-03,2.7936,2.7936,2.7936,2.7936,0.0,0.0,,
2008-11-04,2.7708,2.8363,2.8619,2.7594,6633316.0,2148365.0,3.0727,2.5145
2008-11-05,2.8648,3.1211,3.1211,2.8648,60116252.0,17772509.0,3.1211,2.5515
2008-11-06,3.0413,3.1524,3.3603,3.01,63521226.0,18125533.0,3.4343,2.8078
2008-11-07,3.0755,3.1638,3.2179,3.0186,36118913.0,10483245.0,3.4685,2.8363
2008-11-10,3.3888,3.4799,3.4799,3.3261,52663395.0,13938019.0,3.4799,2.8477
2008-11-11,3.6137,3.5454,3.7561,3.5312,117201845.0,29149363.0,3.8273,3.1325
2008-11-12,3.5255,3.6992,3.7533,3.3859,80497717.0,20618442.0,3.9014,3.1923
2008-11-13,3.5454,3.739,3.8302,3.5255,132344521.0,32652909.0,4.0694,3.329
2008-11-14,3.7305,3.8786,4.0153,3.6394,133236896.0,31769277.0,4.1121,3.366
2008-11-17,3.8586,4.1833,4.2118,3.6849,133543156.0,30304000.0,4.2659,3.4913
2008-11-18,4.1833,3.7647,4.3086,3.7647,124709878.0,28164256.0,4.6019,3.7647
2008-11-19,3.7874,4.1406,4.1406,3.702,88924720.0,20544074.0,4.1406,3.3888
2008-11-20,4.0096,4.1121,4.3427,3.9612,86346366.0,18918922.0,4.5535,3.7276
2008-11-21,3.9868,4.32,4.4367,3.8672,127187474.0,27188016.0,4.5222,3.702
2008-11-24,4.3171,3.9127,4.3513,3.8985,84575988.0,18905504.0,4.7528,3.8871
2008-11-25,3.9868,3.7817,4.0437,3.6593,77782265.0,18796512.0,4.3029,3.5226
2008-11-26,3.7077,3.8045,3.9469,3.7077,37293664.0,8785005.0,4.1605,3.403
2008-11-27,4.1292,4.1092,4.1861,3.9868,118979885.0,26211376.0,4.1861,3.4229
2008-11-28,4.0153,4.0694,4.2374,3.9868,88684726.0,19512019.0,4.5193,3.6992
2008-12-01,3.9925,4.2374,4.2943,3.8729,69383900.0,15291430.0,4.4766,3.6621
2008-12-02,4.1292,4.2488,4.3171,4.0751,50215523.0,10896762.0,4.6617,3.8131
2008-12-03,4.3285,4.3171,4.3798,4.1747,95080492.0,20215824.0,4.6731,3.8245
2008-12-04,4.2886,4.3257,4.4424,4.2886,104585233.0,21777917.0,4.75,3.8843
2008-12-05,4.3,4.2886,4.357,4.1861,43688860.0,9329878.0,4.7585,3.8928
2008-12-08,4.357,4.4196,4.4595,4.2716,76956219.0,15937088.0,4.7186,3.8586
2008-12-09,4.4196,4.4196,4.4196,4.4196,0.0,0.0,,
2008-12-10,4.3314,4.4965,4.5165,4.3114,67288827.0,13859693.0,4.861,3.9782
2008-12-11,4.4937,4.3228,4.5449,4.3143,43522573.0,8958256.0,4.9465,4.0466
2008-12-12,4.2146,4.0295,4.2659,3.89,57915591.0,13005875.0,4.7557,3.89
2008-12-15,4.1121,4.0836,4.1149,3.9327,23825642.0,5391555.0,4.4339,3.628
2008-12-16,4.0437,4.2431,4.2772,3.9868,35809311.0,7937648.0,4.4908,3.6764
2008-12-17,4.2744,4.4225,4.4794,4.2459,83931871.0,17375504.0,4.6674,3.8188
2008-12-18,4.431,4.4139,4.4994,4.3427,68074292.0,14007360.0,4.8639,3.9811
2008-12-19,4.4196,4.4253,4.4851,4.4082,43844633.0,9006624.0,4.8553,3.9725
2008-12-22,4.4652,4.3,4.4652,4.2374,31149661.0,6587539.0,4.8667,3.9839
2008-12-23,4.3143,4.1463,4.3228,4.1206,32557236.0,7057178.0,4.73,3.87
2008-12-24,4.1292,4.0551,4.1406,3.9868,25227203.0,5712483.0,4.562,3.7305
2008-12-25,4.0551,3.9612,4.1035,3.9156,25864868.0,5902144.0,4.4595,3.6508
2008-12-26,3.9612,3.9697,4.0267,3.9355,10200490.0,2339712.0,4.357,3.5653
2008-12-29,3.9868,4.1861,4.2061,3.9526,24705752.0,5514534.0,4.3655,3.5739
2008-12-30,4.1576,4.1605,4.2659,4.1377,25224556.0,5479421.0,4.6047,3.7675
2008-12-31,4.1235,4.2174,4.3029,4.1235,24714546.0,5304678.0,4.5763,3.7447
2009-01-05,4.3,4.5706,4.6133,4.2858,79612390.0,16037158.0,4.6389,3.796
2009-01-06,4.5563,4.9579,4.9778,4.5079,131565841.0,25470253.0,5.029,4.1149
2009-01-07,4.9265,4.8411,4.9607,4.7841,76346906.0,14289898.0,5.4534,4.4624
2009-01-08,4.7357,4.8297,4.8582,4.656,49147722.0,9446362.0,5.3252,4.357
2009-01-09,4.8354,4.8126,4.8667,4.7557,29617673.0,5600816.0,5.3138,4.3456
2009-01-12,4.7272,4.7215,4.8326,4.6731,30494220.0,5854493.0,5.2939,4.3314
2009-01-13,4.7073,4.6247,4.7557,4.599,22387473.0,4372189.0,5.1942,4.2488
2009-01-14,4.6361,4.9522,4.955,4.619,48620053.0,9164362.0,5.086,4.1633
2009-01-15,4.8724,4.8354,5.4106,4.8269,94231743.0,17241520.0,5.4477,4.4567
2009-01-16,4.8354,4.8155,5.0148,4.7841,48972444.0,9167613.0,5.3195,4.3513
2009-01-19,4.8326,4.8098,4.992,4.7699,38941555.0,7284736.0,5.2967,4.3342
2009-01-20,4.824,4.8382,4.8411,4.7329,18591149.0,3535792.0,5.291,4.3285
2009-01-21,4.7841,4.8781,4.9778,4.7699,29538072.0,5498861.0,5.3224,4.3541
2009-01-22,4.9265,5.1031,5.1287,4.898,52392079.0,9526573.0,5.3651,4.3912
2009-01-23,5.1316,5.1059,5.1828,4.9778,47210333.0,8446896.0,5.6128,4.5933
2009-02-02,5.1486,5.2654,5.3679,5.1486,40847083.0,7058749.0,5.6157,4.5962
2009-02-03,5.2626,5.4135,5.459,5.1828,50712843.0,8660608.0,5.7922,4.7386
2009-02-04,5.4135,5.6043,5.6698,5.4021,63652624.0,10540931.0,5.9545,4.8724
2009-02-05,5.5559,5.291,5.6755,5.2683,77966972.0,13040595.0,6.1653,5.0433
2009-02-06,5.2967,5.442,5.4534,5.2255,101116098.0,17323642.0,5.8207,4.7614
2009-02-09,5.4106,5.4989,5.5473,5.3964,69732057.0,11652173.0,5.9859,4.898
2009-02-10,5.442,5.6242,5.6299,5.4135,59523185.0,9781123.0,6.0485,4.9493
2009-02-11,5.553,5.8122,6.1368,5.5046,60260948.0,9411037.0,6.1881,5.0632
2009-02-12,5.7495,5.7666,5.872,5.5388,33974855.0,5436144.0,6.3931,5.2312
2009-02-13,5.6926,5.909,5.9745,5.6926,36263792.0,5626525.0,6.3447,5.1914
2009-02-16,5.8976,6.2137,6.2621,5.8805,109563922.0,16375277.0,6.5013,5.3195
2009-02-17,6.208,5.9631,6.208,5.9175,79870471.0,12103190.0,6.8345,5.5929
2009-02-18,5.7808,5.8748,5.9517,5.7125,34437828.0,5340570.0,6.5583,5.3679
2009-02-19,5.9232,6.4614,6.4614,5.9232,160031669.0,22923632.0,6.4614,5.2882
2009-02-20,6.4871,6.7519,6.806,6.3191,85890276.0,11818090.0,7.1079,5.815
2009-02-23,6.5924,6.9484,7.2189,6.5497,46344883.0,6042902.0,7.4268,6.077
2009-02-24,6.9171,6.9883,7.1477,6.8231,52820115.0,6892554.0,7.6432,6.2536
2009-02-25,6.994,6.9142,7.273,6.8288,49676568.0,6420054.0,7.686,6.2906
2009-02-26,6.9085,6.2564,6.9142,6.2222,62486893.0,8684672.0,7.6062,6.2222
2009-02-27,6.1795,5.9574,6.208,5.7296,44893036.0,6827258.0,6.8829,5.6299
2009-03-02,5.8947,6.5526,6.5526,5.8406,60839224.0,8695526.0,6.5526,5.3622
2009-03-03,6.4614,6.5469,7.0338,6.3504,76630395.0,10395658.0,7.2075,5.8976
2009-03-04,6.5469,6.9626,7.0053,6.4643,110922121.0,14641117.0,7.2018,5.8919
2009-03-05,6.9712,6.8345,7.162,6.7519,103028432.0,13451469.0,7.6603,6.2678
2009-03-06,6.8202,7.0196,7.1477,6.712,80976626.0,10603715.0,7.5179,6.151
2009-03-09,7.0623,6.712,7.162,6.5155,63472583.0,8518813.0,7.723,6.3191
2009-03-10,6.5668,6.712,6.863,6.5412,55460778.0,7532448.0,7.3841,6.04
2009-03-11,6.7149,6.7377,6.9199,6.6636,97952297.0,13194458.0,7.3841,6.04
2009-03-12,6.6181,6.4159,6.7633,6.1767,113384550.0,16192237.0,7.4126,6.0628
2009-03-13,6.45,6.4728,6.5924,6.2649,62399424.0,8868406.0,7.0566,5.7751
2009-03-16,6.4358,6.3475,6.45,6.2536,73851160.0,10633885.0,7.1193,5.8264
2009-03-17,6.3646,6.4928,6.5526,6.3646,105116140.0,14752026.0,6.9826,5.7125
2009-03-18,6.7775,6.5583,6.7775,6.4671,96904625.0,13430189.0,7.142,5.8435
2009-03-19,6.564,6.5269,6.601,6.4301,117633922.0,16537789.0,7.2132,5.9033
2009-03-20,6.5497,6.4102,6.5725,6.3077,75061114.0,10671299.0,7.1791,5.8748
2009-03-23,6.413,6.5753,6.5782,6.413,100360863.0,14028333.0,7.0509,5.7694
2009-03-24,6.6665,6.7804,6.9626,6.6067,153031157.0,20456035.0,7.2332,5.9175
2009-03-25,6.7775,6.4643,6.7775,6.4586,110431577.0,15402256.0,7.4581,6.1026
2009-03-26,6.4216,6.4899,6.5355,6.1795,80037344.0,11500771.0,7.1107,5.8179
2009-03-27,6.4956,6.376,6.4956,6.2536,60425055.0,8651306.0,7.1392,5.8406
2009-03-30,6.3504,6.4102,6.5326,6.3247,43409361.0,6151821.0,7.0139,5.7381
2009-03-31,6.3418,6.3475,6.3475,6.208,37723520.0,5468627.0,7.0509,5.7694
2009-04-01,6.3789,6.5013,6.5155,6.3504,72860212.0,10345514.0,6.9826,5.7125
2009-04-02,6.5383,6.5098,6.5953,6.4301,91053988.0,12727510.0,7.1506,5.852
2009-04-03,6.5098,6.5098,6.5098,6.5098,0.0,0.0,,
2009-04-07,6.4102,6.4073,6.4956,6.2849,55346759.0,7933344.0,7.162,5.8577
2009-04-08,6.3675,6.2877,6.4928,6.2792,50316360.0,7155894.0,7.0481,5.7666
2009-04-09,6.2934,6.7035,6.7149,6.2649,150584145.0,20878723.0,6.9171,5.6584
2009-04-10,6.7661,6.8202,7.0053,6.7661,189849484.0,25103251.0,7.3727,6.0343
2009-04-13,6.8231,7.1848,7.2901,6.7234,188893645.0,24286211.0,7.5037,6.1396
2009-04-14,7.1193,7.2047,7.3129,7.031,115193700.0,14630186.0,7.9024,6.4671
2009-04-15,7.1677,7.4895,7.5521,7.0623,179765198.0,22302918.0,7.9252,6.4842
2009-04-16,7.6261,7.4069,7.7885,7.3471,109595553.0,13152019.0,8.2384,6.7405
2009-04-17,7.3471,7.1734,7.404,7.0452,61686549.0,7810272.0,8.1473,6.6665
2009-04-20,7.199,7.2047,7.3926,7.199,46464570.0,5845277.0,7.891,6.4557
2009-04-21,7.1477,7.2132,7.2616,6.9769,39903763.0,5102019.0,7.9252,6.4842
2009-04-22,7.2616,6.6893,7.3015,6.5355,84220881.0,11209200.0,7.9337,6.4928
2009-04-23,6.6067,6.7861,6.863,6.4956,53286167.0,7296749.0,7.3585,6.02
2009-04-24,6.8373,7.1335,7.1506,6.6921,82999319.0,10747270.0,7.4638,6.1083
2009-04-27,7.105,6.8516,7.1193,6.7348,30349325.0,4006522.0,7.8483,6.4216
2009-04-28,6.8744,6.9342,7.0395,6.8089,37298108.0,4880877.0,7.5379,6.1653
2009-04-29,6.843,7.2446,7.2901,6.843,63868353.0,8273718.0,7.629,6.2422
2009-04-30,7.2588,7.6632,7.7913,7.2332,112817496.0,13409824.0,7.9679,6.5212
2009-05-04,7.6034,7.7116,7.7429,7.5464,39998331.0,4762928.0,8.4292,6.8971
2009-05-05,7.7258,7.5208,7.7885,7.5065,41242994.0,4961702.0,8.4833,6.9399
2009-05-06,7.4838,7.4097,7.6034,7.367,35625280.0,4349034.0,8.2726,6.769
2009-05-07,7.4325,7.162,7.5179,7.0338,108850364.0,13875427.0,8.1501,6.6693
2009-05-08,7.0908,7.2332,7.2873,7.0367,33914843.0,4308442.0,7.8796,6.4444
2009-05-11,7.2616,6.9455,7.3072,6.8373,38359511.0,4926432.0,7.9565,6.5098
2009-05-12,6.8459,7.1449,7.1477,6.8459,22364214.0,2884003.0,7.6404,6.2507
2009-05-13,7.1477,7.125,7.1705,6.9769,19013501.0,2447818.0,7.8597,6.4301
2009-05-14,7.0794,7.125,7.1734,7.0053,16113400.0,2077603.0,7.8369,6.413
2009-05-15,7.1734,7.236,7.2616,7.1221,32235282.0,4071949.0,7.8369,6.413
2009-05-18,7.2047,7.0566,7.2047,6.9484,25089952.0,3249507.0,7.9593,6.5127
2009-05-19,7.0566,7.031,7.1193,6.9484,28616553.0,3708698.0,7.7628,6.3504
2009-05-20,7.0338,7.0851,7.1335,7.031,24312071.0,3123565.0,7.7344,6.3276
2009-05-21,7.1223,6.9648,7.1223,6.8903,24430495.0,3220426.0,7.7927,6.3774
2009-05-22,6.9046,6.7957,6.9332,6.7327,26026670.0,3499651.0,7.6609,6.2686
2009-05-25,6.6868,6.6783,6.7327,6.5035,23735648.0,3307648.0,7.4747,6.1167
2009-05-26,6.727,6.5751,6.79,6.5178,38450812.0,5338243.0,7.3458,6.0107
2009-05-27,6.598,6.6324,6.6897,6.5235,16287269.0,2267674.0,7.2341,5.919
2009-06-01,6.6525,6.7757,6.8673,6.6525,24846451.0,3365696.0,7.2971,5.9706
2009-06-02,6.7613,6.7298,6.8129,6.7298,21000432.0,2846634.0,7.4547,6.0995
2009-06-03,6.727,6.6754,6.7585,6.5894,32876228.0,4538614.0,7.4031,6.0566
2009-06-04,6.6754,6.7929,6.8416,6.366,84265103.0,11633981.0,7.3429,6.0078
2009-06-05,6.8186,6.6324,6.8444,6.6238,42923322.0,5880538.0,7.4719,6.1139
2009-06-08,6.6324,6.4405,6.6324,6.4147,39159810.0,5560150.0,7.2971,5.9706
2009-06-09,6.4691,6.2829,6.4691,6.0823,71304489.0,10517869.0,7.0851,5.7958
2009-06-10,6.2743,6.5522,6.6038,6.1883,108445452.0,15362938.0,6.9103,5.6555
2009-06-11,6.4634,6.3029,6.5035,6.2886,64441092.0,9319341.0,7.2083,5.8961
2009-06-12,6.2943,6.1826,6.3201,6.1454,35784617.0,5268816.0,6.9332,5.6726
2009-06-15,6.2027,6.217,6.2399,6.1167,27024249.0,4017651.0,6.8014,5.5638
2009-06-16,6.2542,6.3115,6.4376,6.2428,50257091.0,7251258.0,6.8387,5.5953
2009-06-17,6.3459,6.3602,6.4462,6.3173,50818019.0,7312342.0,6.9418,5.6812
2009-06-18,6.3832,6.5436,6.5751,6.3832,92483484.0,13017024.0,6.9963,5.7242
2009-06-19,6.5722,6.4834,6.5894,6.3746,54666969.0,7762682.0,7.1968,5.8904
2009-06-22,6.5035,6.3201,6.5321,6.2972,60774992.0,8755056.0,7.1309,5.836
2009-06-23,6.2456,6.3889,6.4519,6.1626,64995184.0,9401536.0,6.9533,5.687
2009-06-24,6.4175,6.6725,6.6783,6.3058,125416685.0,17457805.0,7.0278,5.75
2009-06-25,6.6639,6.7613,6.8301,6.6467,113657040.0,15373875.0,7.3401,6.005
2009-06-26,6.8043,6.6267,6.8244,6.5866,50984912.0,7018182.0,7.4375,6.0852
2009-06-29,6.5952,6.8931,6.9476,6.5894,92170845.0,12459379.0,7.2885,5.9649
2009-06-30,6.8931,6.8673,6.9905,6.7499,79268912.0,10575434.0,7.5836,6.2027
2009-07-01,6.8301,6.8788,6.916,6.7642,55739998.0,7473386.0,7.5549,6.1797
2009-07-02,6.8788,6.7814,6.9332,6.6353,100267381.0,13651581.0,7.5664,6.1912
2009-07-03,6.7012,6.7012,6.7384,6.5894,54907090.0,7574477.0,7.4604,6.1024
2009-07-06,6.641,6.6439,6.6754,6.5321,48236332.0,6705651.0,7.3716,6.0308
2009-07-07,6.5894,6.6582,6.7184,6.5808,42178951.0,5802115.0,7.3085,5.9792
2009-07-08,6.641,6.6983,6.79,6.598,46755275.0,6382250.0,7.3229,5.9935
2009-07-09,6.7499,7.0478,7.0708,6.704,132410287.0,17428458.0,7.3687,6.0279
2009-07-10,7.1051,7.0278,7.277,7.0049,90075017.0,11562115.0,7.7526,6.3431
2009-07-13,7.0278,7.0278,7.0278,7.0278,0.0,0.0,,
2009-07-14,7.0421,7.2742,7.3343,7.0421,80903897.0,10252435.0,7.7297,6.3259
2009-07-15,7.2742,7.4002,7.5893,7.2742,85806050.0,10521274.0,8.0019,6.5465
2009-07-16,7.4489,7.3114,7.5693,7.2369,60394203.0,7587392.0,8.1394,6.6611
2009-07-17,7.3057,7.4432,7.5349,7.2512,101155774.0,12533254.0,8.042,6.5808
2009-07-20,7.4575,7.6896,7.7354,7.4575,117089458.0,14045005.0,8.1881,6.6983
2009-07-21,7.6953,7.5062,7.7526,7.3773,69871963.0,8411117.0,8.4574,6.9218
2009-07-22,7.5062,7.4117,7.6495,7.3114,51341940.0,6353011.0,8.2569,6.7556
2009-07-23,7.3916,7.4575,7.5062,7.3057,42495050.0,5248358.0,8.1537,6.6697
2009-07-24,7.4575,7.277,7.5549,7.2341,44061989.0,5489216.0,8.2024,6.7126
2009-07-27,7.3916,7.3,7.3916,7.1997,73877148.0,9350656.0,8.0047,6.5493
2009-07-28,7.3028,7.2742,7.3343,7.0622,74855029.0,9566694.0,8.0305,6.5694
2009-07-29,7.2713,7.0249,7.4518,6.6467,87200728.0,11043354.0,8.0019,6.5465
2009-07-30,7.0049,6.9275,7.1452,6.6611,69939251.0,9357248.0,7.7268,6.323
2009-07-31,6.9332,7.1538,7.3057,6.8186,92568040.0,11938032.0,7.6208,6.2342
2009-08-03,7.1882,7.1023,7.257,7.0765,99206331.0,12695776.0,7.8701,6.4376
2009-08-04,7.108,7.3171,7.3229,7.0421,90888472.0,11623238.0,7.8128,6.3918
2009-08-05,7.257,7.2828,7.3687,7.1596,67620680.0,8556202.0,8.0477,6.5866
2009-08-06,7.2484,7.5292,8.0105,6.9791,122650109.0,15138042.0,8.0105,6.5551
2009-08-07,7.5607,7.383,7.5922,7.1939,91966467.0,11351958.0,8.2826,6.7757
2009-08-10,7.4489,7.3716,7.5922,7.2627,127189318.0,15762666.0,8.1222,6.6439
2009-08-11,7.3773,7.2799,7.4002,7.1768,68820816.0,8621926.0,8.1079,6.6353
2009-08-12,7.3286,6.8731,7.5893,6.8186,58409890.0,7558611.0,8.0076,6.5522
2009-08-13,6.8587,6.7699,6.9905,6.6496,33998051.0,4601488.0,7.5607,6.1855
2009-08-14,6.7728,6.4261,6.81,6.3889,41644509.0,5847139.0,7.4461,6.0938
2009-08-17,6.3688,5.919,6.4147,5.8732,37350950.0,5587302.0,7.0679,5.7844
2009-08-18,5.9305,6.174,6.2456,5.9248,26812555.0,4043533.0,6.5121,5.326
2009-08-19,6.217,5.9534,6.2943,5.8904,42329166.0,6326909.0,6.7929,5.558
2009-08-20,5.9591,6.1253,6.154,5.9018,30414402.0,4630368.0,6.5493,5.3575
2009-08-21,6.1339,6.3402,6.4089,6.0451,45634901.0,6634269.0,6.7384,5.5122
2009-08-24,6.3259,6.3602,6.4118,6.1883,52230648.0,7610835.0,6.9733,5.707
2009-08-25,6.3029,5.9878,6.3087,5.9362,54604111.0,8266157.0,6.9963,5.7242
2009-08-26,5.9935,6.1482,6.2027,5.9763,49223694.0,7381680.0,6.5866,5.389
2009-08-27,6.1282,6.1712,6.2972,6.0709,54183993.0,8006666.0,6.7642,5.5323
2009-08-28,6.1712,6.0422,6.2027,5.9907,19774573.0,2995203.0,6.7871,5.5552
2009-08-31,5.9448,5.4864,5.9448,5.4377,66492534.0,11034826.0,6.6467,5.4377
2009-09-01,5.4836,5.3518,5.4864,5.2114,60476338.0,10401619.0,6.0365,4.9392
2009-09-02,5.346,5.3661,5.4119,5.2429,21761860.0,3742858.0,5.8875,4.816
2009-09-03,5.3117,5.707,5.7586,5.3117,40768078.0,6708829.0,5.9018,4.8303
2009-09-04,5.7299,5.6669,5.7643,5.6383,46805062.0,7552026.0,6.2772,5.1369
2009-09-07,5.707,5.7414,5.7586,5.6669,68901976.0,11058051.0,6.2342,5.0997
2009-09-08,5.7414,5.8818,5.9076,5.7042,63420452.0,9942125.0,6.3144,5.1684
2009-09-09,5.9248,5.9878,5.9907,5.8675,56996081.0,8803702.0,6.4691,5.2945
2009-09-10,5.9907,6.0422,6.1425,5.9448,59102265.0,8957606.0,6.5866,5.389
2009-09-11,6.0508,6.0336,6.0852,5.9305,50631196.0,7728787.0,6.6467,5.4377
2009-09-14,6.1597,6.1024,6.1597,6.0336,44747056.0,6748272.0,6.6381,5.4291
2009-09-15,6.111,6.068,6.1196,6.0164,38875280.0,5876246.0,6.7126,5.4922
2009-09-16,6.068,6.1139,6.217,6.0623,45618280.0,6811866.0,6.6754,5.4606
2009-09-17,6.1482,6.1712,6.1855,6.048,68734393.0,10284797.0,6.7241,5.5036
2009-09-18,6.1712,5.919,6.1855,5.8761,48556837.0,7364656.0,6.7871,5.5552
2009-09-21,5.8703,6.1368,6.5035,5.644,54342194.0,8378832.0,6.5121,5.326
2009-09-22,6.1024,5.9162,6.1282,5.9104,32686038.0,4982128.0,6.7499,5.5237
2009-09-23,5.8933,5.7156,5.9964,5.6784,22086008.0,3503715.0,6.5092,5.326
2009-09-24,5.7099,5.7357,5.8789,5.6153,19058708.0,3034410.0,6.2886,5.1455
2009-09-25,5.7357,5.707,5.7787,5.6583,11828349.0,1900931.0,6.3087,5.1627
2009-09-28,5.7156,5.5351,5.7787,5.5294,12928665.0,2100621.0,6.2772,5.1369
2009-09-29,5.5466,5.4234,5.6325,5.3231,10951872.0,1833142.0,6.0881,4.9822
2009-09-30,5.5265,5.495,5.5982,5.4721,9046109.0,1497443.0,5.9649,4.8819
2009-10-09,5.581,5.7443,5.7529,5.5007,17641414.0,2854806.0,6.0451,4.9449
2009-10-12,5.7443,5.7557,5.8159,5.7042,15988948.0,2544160.0,6.3201,5.1713
2009-10-13,5.7872,5.7958,5.7987,5.7099,13034276.0,2074592.0,6.3316,5.1799
2009-10-14,5.8159,5.813,5.9076,5.7414,27665162.0,4340966.0,6.3746,5.2171
2009-10-15,5.8445,5.9993,6.1024,5.8188,74109540.0,11317450.0,6.3946,5.2314
2009-10-16,5.9878,5.8875,6.0508,5.8302,27424120.0,4260710.0,6.598,5.4005
2009-10-19,5.8732,6.005,6.0107,5.8531,38972843.0,6022253.0,6.4777,5.3002
2009-10-20,6.005,6.0451,6.0995,5.9878,50114869.0,7577242.0,6.6066,5.4033
2009-10-21,6.0164,6.0967,6.1482,6.0164,61814767.0,9303325.0,6.6496,5.4406
2009-10-22,6.048,5.9735,6.0938,5.9248,30117434.0,4613523.0,6.7069,5.4864
2009-10-23,5.9591,6.025,6.0881,5.9591,34762648.0,5287715.0,6.5722,5.3776
2009-10-26,6.0279,5.9763,6.0737,5.9448,25267014.0,3868237.0,6.6267,5.4234
2009-10-27,5.9591,5.7815,5.9591,5.7357,31887498.0,5006934.0,6.5751,5.3776
2009-10-28,5.7701,5.7013,5.8073,5.6497,45259109.0,7268134.0,6.3602,5.2028
2009-10-29,5.6583,5.5208,5.6583,5.495,36048125.0,5930102.0,6.2714,5.1312
2009-10-30,5.5752,5.6268,5.7156,5.5752,33608303.0,5464013.0,6.0737,4.9679
2009-11-02,5.558,5.7128,5.7214,5.5007,54696182.0,8916976.0,6.1883,5.0653
2009-11-03,5.7156,5.8159,5.8732,5.7128,59241514.0,9368509.0,6.2829,5.1426
2009-11-04,5.813,5.7844,5.813,5.7156,60417696.0,9625770.0,6.3975,5.2343
2009-11-05,5.8016,5.9534,5.9591,5.7872,75093336.0,11692829.0,6.3631,5.2057
2009-11-06,6.0193,6.5493,6.5493,6.0193,284028796.0,40927062.0,6.5493,5.3575
2009-11-09,6.5006,6.2886,6.5035,6.2456,130155115.0,18868781.0,7.2054,5.8933
2009-11-10,6.3029,6.2399,6.3287,6.2055,65258646.0,9566720.0,6.9189,5.6612
2009-11-11,6.2399,6.3975,6.5808,6.2399,107950329.0,15456554.0,6.8645,5.6153
2009-11-12,6.3631,6.3058,6.4376,6.237,102772022.0,14961914.0,7.0364,5.7586
2009-11-13,6.2943,6.2829,6.2943,6.1597,53215288.0,7812694.0,6.9361,5.6755
2009-11-16,6.3029,6.5006,6.5436,6.3029,121273584.0,17232141.0,6.9103,5.6555
2009-11-17,6.5064,6.5092,6.535,6.4004,71650083.0,10140301.0,7.151,5.8503
2009-11-18,6.535,6.6754,6.79,6.5321,123847436.0,16952211.0,7.1596,5.8589
2009-11-19,6.7298,6.747,6.8444,6.6496,100999145.0,13715226.0,7.3429,6.0078
2009-11-20,6.704,6.9762,7.2627,6.6525,176684561.0,23248262.0,7.4231,6.0737
2009-11-23,6.9991,6.9905,7.1624,6.9332,149575419.0,19493830.0,7.6753,6.28
2009-11-24,7.0249,6.6124,7.0765,6.5608,139680655.0,18676336.0,7.6896,6.2915
2009-11-25,6.5064,6.9447,6.9877,6.5035,125099646.0,16991126.0,7.2742,5.9506
2009-11-26,6.9619,6.5923,7.0163,6.5608,116797772.0,15924829.0,7.638,6.2514
2009-11-27,6.4892,6.5436,6.7298,6.4462,67111131.0,9349574.0,7.2512,5.9334
2009-11-30,6.6467,6.8444,6.9017,6.6238,94832104.0,12775325.0,7.1968,5.8904
2009-12-01,6.8759,7.1538,7.1624,6.8759,178649177.0,23118022.0,7.5292,6.1597
2009-12-02,7.2369,7.108,7.2684,7.0335,154161188.0,19872736.0,7.8701,6.4376
2009-12-03,7.0478,7.151,7.1567,6.9476,120752572.0,15746310.0,7.8185,6.3975
2009-12-04,7.1309,6.939,7.1309,6.6926,114215419.0,15065139.0,7.8672,6.4347
2009-12-07,6.9046,6.9246,6.9791,6.7957,73605744.0,9822173.0,7.6323,6.2456
2009-12-08,6.9304,6.8186,6.9476,6.7126,83361307.0,11236618.0,7.618,6.2313
2009-12-09,6.7327,6.7441,6.8416,6.7098,46430664.0,6278445.0,7.5005,6.1368
2009-12-10,6.833,6.9733,7.0049,6.7642,97504824.0,12965878.0,7.4174,6.0709
2009-12-11,6.9905,7.1481,7.2427,6.9189,158318592.0,20395680.0,7.6695,6.2772
2009-12-14,7.1624,7.1338,7.2169,6.9189,87581436.0,11343594.0,7.8644,6.4347
2009-12-15,7.1109,7.2484,7.4117,7.1109,145424547.0,18233213.0,7.8472,6.4204
2009-12-16,7.2484,7.2484,7.2484,7.2484,0.0,0.0,,
2009-12-17,7.2197,6.8587,7.2312,6.8473,102144408.0,13415338.0,7.9732,6.5235
2009-12-18,6.7986,6.6381,6.8158,6.5894,61619852.0,8435699.0,7.5435,6.174
2009-12-21,6.5923,6.6525,6.7012,6.5894,39124207.0,5403069.0,7.3028,5.9735
2009-12-22,6.6697,6.3975,6.7241,6.3889,45790769.0,6413594.0,7.3171,5.9878
2009-12-23,6.4061,6.4405,6.4462,6.3316,47857416.0,6850141.0,7.0364,5.7586
2009-12-24,6.4949,6.684,6.7556,6.4061,74626817.0,10419597.0,7.0851,5.7958
2009-12-25,6.6467,6.7184,6.8673,6.598,55746574.0,7549328.0,7.3515,6.0164
2009-12-28,6.7184,6.7728,6.8416,6.704,46960240.0,6358787.0,7.3916,6.048
2009-12-29,6.7699,6.7642,6.8473,6.684,48449860.0,6553430.0,7.4489,6.0967
2009-12-30,6.747,6.7327,6.8158,6.6754,48871245.0,6670666.0,7.4403,6.0881
2009-12-31,6.7356,6.8043,6.833,6.7356,89875878.0,12143706.0,7.406,6.0594
2010-01-04,6.8903,6.747,6.8931,6.7356,58368310.0,7864560.0,7.4862,6.1253
2010-01-05,6.7613,6.8473,6.8559,6.6668,58645885.0,7954125.0,7.4231,6.0737
2010-01-06,6.8444,6.8731,6.9848,6.8072,73464325.0,9717850.0,7.532,6.1626
2010-01-07,6.8788,6.8186,6.9733,6.79,76344791.0,10199690.0,7.5607,6.1855
2010-01-08,6.8186,7.0507,7.065,6.8043,101353794.0,13355043.0,7.5005,6.1368
2010-01-11,7.1338,6.9991,7.214,6.9619,78385368.0,10169706.0,7.7555,6.3459
2010-01-12,6.9934,7.1166,7.2054,6.9934,93162190.0,11975824.0,7.6982,6.3001
2010-01-13,6.9046,6.8358,7.0478,6.8244,84924926.0,11251021.0,7.8271,6.4061
2010-01-14,6.8502,6.8616,6.9075,6.6926,83129754.0,11211203.0,7.5206,6.1511
2010-01-15,6.853,7.0965,7.1481,6.8072,84546816.0,11099494.0,7.5492,6.1769
2010-01-18,7.1223,7.1796,7.2054,7.0364,76989644.0,9887661.0,7.8071,6.386
2010-01-19,7.2054,7.171,7.2054,7.0507,73010735.0,9379994.0,7.8987,6.4605
2010-01-20,7.1338,6.81,7.2484,6.8043,106309487.0,13876819.0,7.8873,6.4548
2010-01-21,6.8186,6.8244,6.8903,6.747,48029755.0,6469427.0,7.4919,6.1282
2010-01-22,6.8129,6.5407,6.8129,6.4118,77781737.0,10857776.0,7.5062,6.1425
2010-01-25,6.5064,6.5178,6.6267,6.4892,28330922.0,3960579.0,7.1939,5.8875
2010-01-26,6.5178,6.3058,6.5894,6.2886,32203843.0,4616637.0,7.171,5.8675
2010-01-27,6.3316,6.2199,6.3889,6.217,32950611.0,4795149.0,6.9361,5.6755
2010-01-28,6.237,6.217,6.2829,6.1454,30839476.0,4557856.0,6.8416,5.5982
2010-01-29,6.2084,6.386,6.4634,6.1597,42339662.0,6099155.0,6.8387,5.5953
2010-02-01,6.4949,6.4405,6.5952,6.3975,80348182.0,11335280.0,7.0249,5.7471
2010-02-02,6.4433,6.3574,6.4519,6.3316,35722048.0,5124774.0,7.0851,5.7958
2010-02-03,6.3459,6.3259,6.4118,5.962,43352701.0,6436493.0,6.9934,5.7214
2010-02-04,6.3029,6.4433,6.5608,6.2256,48242498.0,6928733.0,6.959,5.6927
2010-02-05,6.2686,6.2686,6.3545,6.1626,36239212.0,5318595.0,7.0879,5.7987
2010-02-08,6.2686,6.1769,6.2714,6.154,18050408.0,2674819.0,6.896,5.6411
2010-02-09,6.1339,6.1883,6.2113,6.1339,15629752.0,2320906.0,6.7957,5.558
2010-02-10,6.2456,6.2342,6.2514,6.1826,14212533.0,2094227.0,6.8072,5.5695
2010-02-11,6.2399,6.2399,6.2972,6.237,18288542.0,2673795.0,6.8587,5.6096
2010-02-12,6.2743,6.4089,6.429,6.2743,32470333.0,4688362.0,6.8645,5.6153
2010-02-22,6.3889,6.3946,6.4662,6.3316,18092669.0,2587766.0,7.0507,5.7672
2010-02-23,6.3946,6.3975,6.4462,6.1626,20408448.0,2953482.0,7.0335,5.7557
2010-02-24,6.3402,6.5092,6.5235,6.3402,37831071.0,5388621.0,7.0364,5.7586
2010-02-25,6.578,6.5608,6.5866,6.5064,44589870.0,6249558.0,7.1596,5.8589
2010-02-26,6.6181,6.5608,6.6181,6.4605,40877250.0,5742010.0,7.2169,5.9047
2010-03-01,6.5608,6.5866,6.6066,6.5064,40976746.0,5718627.0,7.2169,5.9047
2010-03-02,6.6152,6.5952,6.7155,6.5321,56778779.0,7870694.0,7.2455,5.9276
2010-03-03,6.5894,6.6066,6.6124,6.5321,36980585.0,5167350.0,7.2541,5.9362
2010-03-04,6.6038,6.3774,6.6611,6.3488,55685525.0,7852422.0,7.2684,5.9448
2010-03-05,6.3774,6.3287,6.4347,6.3029,32140275.0,4639709.0,7.0163,5.7385
2010-03-08,6.3631,6.3746,6.3746,6.3058,19368922.0,2799594.0,6.9619,5.6956
2010-03-09,6.3459,6.3602,6.386,6.2743,32195954.0,4666518.0,7.0135,5.7385
2010-03-10,6.3631,6.2686,6.3889,6.2657,22598460.0,3281338.0,6.9963,5.7242
2010-03-11,6.3029,6.3173,6.3431,6.2428,20249637.0,2947104.0,6.896,5.6411
2010-03-12,6.3459,6.2227,6.3459,6.2055,18108812.0,2653434.0,6.9504,5.687
2010-03-15,6.2514,6.1139,6.2657,6.0938,16113848.0,2400947.0,6.8444,5.601
2010-03-16,6.1224,6.1139,6.1511,6.0451,13150767.0,1977075.0,6.7241,5.5036
2010-03-17,6.1568,6.2456,6.2571,6.111,20539482.0,3045997.0,6.7241,5.5036
2010-03-18,6.26,6.2428,6.2886,6.2199,25020958.0,3667162.0,6.8702,5.6211
2010-03-19,6.26,6.2858,6.3001,6.2141,20187873.0,2954659.0,6.8673,5.6182
2010-03-22,6.3087,6.3029,6.3774,6.2858,18390951.0,2673322.0,6.9132,5.6583
2010-03-23,6.3287,6.1912,6.3287,6.1883,20281159.0,2973968.0,6.9332,5.6726
2010-03-24,6.2943,6.8014,6.81,6.2657,188629228.0,26115082.0,6.81,5.5724
2010-03-25,6.8645,7.0679,7.2856,6.853,362780285.0,46880349.0,7.4804,6.1224
2010-03-26,7.0335,6.9934,7.1567,6.8759,145477065.0,19089344.0,7.7755,6.3602
2010-03-29,6.9762,7.1252,7.1567,6.8129,159855346.0,21048534.0,7.6925,6.2943
2010-03-30,7.0593,6.9648,7.0736,6.9275,101966578.0,13356989.0,7.8386,6.4118
2010-03-31,6.8186,6.7327,6.8616,6.6926,147969381.0,20087325.0,7.6609,6.2686
2010-04-01,6.7871,6.8673,6.8731,6.7184,125096222.0,16897075.0,7.406,6.0594
2010-04-02,6.8702,6.8759,6.9046,6.7785,106391015.0,14237600.0,7.5549,6.1797
2010-04-06,6.8931,6.8903,6.9877,6.8759,88859389.0,11761005.0,7.5635,6.1883
2010-04-07,6.8903,7.0306,7.0478,6.8759,114941763.0,15125248.0,7.5807,6.2027
2010-04-08,7.0908,6.9905,7.2226,6.9275,134485325.0,17410003.0,7.7326,6.3287
2010-04-09,7.0192,6.9447,7.0937,6.8903,74535245.0,9837987.0,7.6896,6.2915
2010-04-12,6.9504,6.8014,6.9733,6.747,72207093.0,9689613.0,7.638,6.2514
2010-04-13,6.8014,6.8272,6.8587,6.5751,56950030.0,7727974.0,7.4804,6.1224
2010-04-14,6.7613,6.9046,6.9476,6.7384,48166376.0,6425322.0,7.5091,6.1454
2010-04-15,6.9017,6.6926,6.9332,6.6467,56709908.0,7698355.0,7.595,6.2141
2010-04-16,6.8186,6.7785,6.8358,6.6783,45912376.0,6196358.0,7.363,6.0222
2010-04-19,6.7585,6.4032,6.7585,6.3259,55132149.0,7722634.0,7.4575,6.0995
2010-04-20,6.5894,6.2313,6.5894,6.0967,88383533.0,12902358.0,7.045,5.7643
2010-04-21,6.217,6.2686,6.3545,6.1769,56894745.0,8314512.0,6.8559,5.6096
2010-04-22,6.2686,6.2686,6.2686,6.2686,0.0,0.0,,
2010-04-23,6.1883,6.2113,6.2686,6.1081,43608004.0,6454845.0,6.896,5.6411
2010-04-26,6.2456,6.0938,6.2456,6.0508,34912524.0,5230163.0,6.833,5.5896
2010-04-27,6.1253,5.9591,6.1597,5.8732,38690572.0,5881219.0,6.704,5.4836
2010-04-28,5.8732,5.8531,6.0164,5.8159,22047015.0,3439798.0,6.5551,5.3632
2010-04-29,5.8589,5.7901,5.9248,5.7787,26288887.0,4115507.0,6.4376,5.2687
2010-04-30,5.7557,5.4263,5.8159,5.346,58178068.0,9790550.0,6.3688,5.2114
2010-05-04,5.3289,5.1598,5.4234,5.1054,31543709.0,5480819.0,5.9677,4.8848
2010-05-05,5.1484,5.2916,5.2973,5.1111,33283796.0,5844246.0,5.6755,4.6441
2010-05-06,5.3145,5.1054,5.3403,5.0997,30900909.0,5446557.0,5.8216,4.7616
2010-05-07,5.0108,4.8103,5.0108,4.7874,35556301.0,6641446.0,5.6153,4.5954
2010-05-10,4.8132,4.8705,4.9134,4.7559,50738878.0,9630138.0,5.2916,4.329
2010-05-11,4.9449,4.9077,5.0051,4.816,54099914.0,10066832.0,5.3575,4.3834
2010-05-12,4.7616,5.0051,5.0137,4.7616,33945641.0,6296298.0,5.3976,4.4178
2010-05-13,5.0166,5.0767,5.0825,4.9449,35433780.0,6472157.0,5.5065,4.5037
2010-05-14,5.0767,5.1111,5.1827,4.9994,41317169.0,7412237.0,5.5838,4.5696
2010-05-17,5.1226,4.7759,5.2429,4.773,48265879.0,8731238.0,5.6211,4.6011
2010-05-18,4.7559,5.0051,5.0309,4.6269,29702429.0,5677882.0,5.2544,4.2975
2010-05-19,4.9851,5.2314,5.2429,4.9048,49997523.0,8931296.0,5.5065,4.5037
2010-05-20,5.2372,5.475,5.7013,5.1598,113372716.0,18862915.0,5.7557,4.7072
2010-05-21,5.2572,5.7328,5.7586,5.1713,108128415.0,17912762.0,6.0222,4.9278
2010-05-24,5.7872,5.8761,5.919,5.6383,105981673.0,16812506.0,6.3058,5.1598
2010-05-25,5.7242,5.5552,5.7729,5.5294,61229524.0,9968365.0,6.4634,5.2887
2010-05-26,5.5351,5.7529,5.7586,5.3833,82141715.0,13696909.0,6.111,4.9994
2010-05-27,5.6555,5.6669,5.7586,5.5323,44649395.0,7235350.0,6.3287,5.177
2010-05-28,5.6956,5.7271,5.75,5.6325,48394000.0,7780301.0,6.2342,5.0997
2010-05-31,5.7013,5.2973,5.7271,5.2859,48197482.0,7923136.0,6.3001,5.1541
2010-06-01,5.1827,5.0538,5.2859,4.9077,45913797.0,8321837.0,5.8274,4.7673
2010-06-02,4.9965,5.1655,5.1799,4.9335,18959789.0,3426710.0,5.558,4.5496
2010-06-03,5.1856,5.0366,5.2143,5.0223,23723450.0,4248960.0,5.6812,4.6499
2010-06-04,4.9851,5.0911,5.1369,4.9335,12895108.0,2339357.0,5.5409,4.5324
2010-06-07,4.9838,5.0244,5.0708,4.9549,10023152.0,1852266.0,5.601,4.5811
2010-06-08,5.0302,5.2243,5.3692,5.0273,25030756.0,4465744.0,5.5257,4.5231
2010-06-09,5.262,5.3489,5.3518,5.1867,25149487.0,4414006.0,5.7459,4.7028
2010-06-10,5.3431,5.2301,5.404,5.207,23050553.0,4028723.0,5.885,4.8129
2010-06-11,5.233,5.1693,5.2765,5.1461,16380432.0,2911168.0,5.7546,4.7086
2010-06-17,5.1983,5.0679,5.2388,5.0563,29660046.0,5376282.0,5.6851,4.6535
2010-06-18,5.094,4.9259,5.094,4.8535,48991612.0,9137306.0,5.575,4.5608
2010-06-21,4.9143,5.0447,5.0534,4.8303,20129222.0,3745357.0,5.4185,4.4333
2010-06-22,5.0128,5.1983,5.3403,5.0128,60996894.0,10821046.0,5.5489,4.5405
2010-06-23,5.1983,5.1983,5.1983,5.1983,0.0,0.0,,
2010-06-24,5.3171,5.3721,5.3779,5.2591,66998707.0,11641040.0,5.7169,4.6796
2010-06-25,5.3171,5.2359,5.3171,5.1142,23496604.0,4175693.0,5.9082,4.8361
2010-06-28,5.1461,5.1751,5.2272,5.1461,11713778.0,2092355.0,5.7604,4.7115
2010-06-29,5.1867,4.9085,5.2243,4.8969,19273402.0,3568790.0,5.6938,4.6564
2010-06-30,4.9172,4.7636,4.9201,4.7086,13349051.0,2595302.0,5.3982,4.4188
2010-07-01,4.7549,4.5318,4.8506,4.5144,21866865.0,4331360.0,5.2388,4.2884
2010-07-02,4.5144,4.5347,4.5782,4.3116,15409089.0,3191891.0,4.9838,4.0798
2010-07-05,4.5782,4.5753,4.6796,4.4623,11725859.0,2376106.0,4.9896,4.0827
2010-07-06,4.5405,4.6593,4.6912,4.5405,13306726.0,2655373.0,5.0331,4.1175
2010-07-07,4.7202,4.6854,4.7231,4.639,10357319.0,2051363.0,5.1258,4.1928
2010-07-08,4.6941,4.6159,4.7231,4.6072,11128303.0,2224317.0,5.1548,4.216
2010-07-09,4.6303,4.7752,4.8303,4.6101,20594555.0,4029075.0,5.0766,4.1551
2010-07-12,4.7636,4.8737,4.9201,4.752,20230662.0,3871936.0,5.2533,4.2971
2010-07-13,4.8013,4.7636,4.8274,4.6651,18145375.0,3535482.0,5.3605,4.3869
2010-07-14,4.7955,4.7636,4.8679,4.7491,24516121.0,4731635.0,5.2388,4.2884
2010-07-15,4.7578,4.6361,4.8245,4.6332,17571542.0,3446202.0,5.2388,4.2884
2010-07-16,4.7202,4.6332,4.7202,4.5608,13299858.0,2669670.0,5.0998,4.1725
2010-07-19,4.4768,4.6361,4.668,4.3261,89075253.0,18294890.0,5.0969,4.1696
2010-07-20,4.6072,4.781,4.7955,4.5434,82132942.0,16321917.0,5.0998,4.1725
2010-07-21,4.7723,4.8593,4.9085,4.7057,102615362.0,19669808.0,5.2591,4.3029
2010-07-22,4.839,4.9809,4.9954,4.8245,76343075.0,14401526.0,5.346,4.3725
2010-07-23,4.9838,5.0244,5.0418,4.8679,47341543.0,8897261.0,5.4793,4.4826
2010-07-26,4.9259,4.9491,4.9983,4.8737,40996242.0,7696157.0,5.5257,4.5231
2010-07-27,4.9259,4.8593,4.9404,4.8274,36691169.0,6974259.0,5.4446,4.4536
2010-07-28,4.81,5.346,5.346,4.81,125851169.0,22646986.0,5.346,4.3725
2010-07-29,5.346,5.404,5.6648,5.3026,159229751.0,27008307.0,5.8821,4.8129
2010-07-30,5.3576,5.3779,5.4446,5.3171,64416880.0,11100627.0,5.9458,4.865
2010-08-02,5.3576,5.3866,5.4127,5.3055,59169025.0,10242336.0,5.9169,4.839
2010-08-03,5.3982,5.2475,5.4156,5.2388,58348353.0,10156390.0,5.9256,4.8477
2010-08-04,5.2301,5.2012,5.2939,5.0998,58470789.0,10479834.0,5.772,4.7231
2010-08-05,5.2562,5.1519,5.2562,5.1113,42942916.0,7692291.0,5.7227,4.6825
2010-08-06,5.1606,5.3518,5.3808,5.1606,61943180.0,10916672.0,5.6677,4.6361
2010-08-09,5.3605,5.3663,5.4533,5.2707,58137961.0,10056454.0,5.8879,4.8158
2010-08-10,5.375,5.1171,5.4243,5.1142,53128147.0,9391533.0,5.9024,4.8303
2010-08-11,5.1171,5.1229,5.1867,5.0737,28688945.0,5196115.0,5.63,4.6043
2010-08-12,5.0824,4.9781,5.0998,4.9607,36634326.0,6756448.0,5.6358,4.6101
2010-08-13,5.0186,5.065,5.0766,4.9259,25147415.0,4655462.0,5.4764,4.4797
2010-08-16,5.0708,5.2186,5.2446,5.036,51450138.0,9249600.0,5.5721,4.5579
2010-08-17,5.1867,5.2186,5.2504,5.1548,35068816.0,6246099.0,5.7401,4.697
2010-08-18,5.3026,5.2157,5.3026,5.1867,43271377.0,7658538.0,5.7401,4.697
2010-08-19,5.2128,5.1867,5.2446,5.1229,34690855.0,6207091.0,5.7372,4.6941
2010-08-20,5.1867,5.1316,5.2736,5.1055,39321962.0,7025600.0,5.7053,4.668
2010-08-23,5.1316,5.2417,5.2765,5.1287,48395496.0,8576298.0,5.6445,4.6188
2010-08-24,5.2417,5.3113,5.3171,5.1635,56872018.0,10018374.0,5.7662,4.7173
2010-08-25,5.2997,5.1113,5.3258,5.1084,59624776.0,10576298.0,5.8415,4.781
2010-08-26,5.1432,5.1432,5.2504,5.0853,31703501.0,5680416.0,5.6213,4.6014
2010-08-27,5.0998,5.2881,5.3258,5.0998,53388932.0,9433347.0,5.659,4.6303
2010-08-30,5.3229,5.4735,5.5199,5.2794,103422238.0,17594813.0,5.8184,4.7607
2010-08-31,5.4388,5.3924,5.4793,5.3547,45346256.0,7768202.0,6.0212,4.9259
2010-09-01,5.4098,5.3026,5.4648,5.2388,30424466.0,5277482.0,5.9314,4.8535
2010-09-02,5.3345,5.3634,5.4359,5.3345,37913620.0,6518202.0,5.8328,4.7723
2010-09-03,5.375,5.3403,5.4619,5.3345,35565895.0,6111971.0,5.8995,4.8274
2010-09-06,5.3403,5.4591,5.4619,5.3374,40651236.0,6989366.0,5.8734,4.8071
2010-09-07,5.4591,5.8618,5.998,5.4591,131434700.0,21317888.0,6.0038,4.9143
2010-09-08,5.8589,5.7546,5.8589,5.7082,70205810.0,11296125.0,6.4471,5.2765
2010-09-09,5.7662,5.5286,5.7923,5.4851,89429499.0,14863978.0,6.3312,5.178
2010-09-10,5.5083,5.4706,5.5634,5.3895,38336907.0,6478326.0,6.082,4.9752
2010-09-13,5.5547,5.5257,5.6735,5.517,58713383.0,9775408.0,6.0183,4.923
2010-09-14,5.5257,5.5605,5.5634,5.4619,38526730.0,6479907.0,6.0791,4.9723
2010-09-15,5.5518,5.3982,5.5547,5.3895,31030905.0,5284739.0,6.1168,5.0041
2010-09-16,5.4185,5.2562,5.4446,5.1983,24837749.0,4357133.0,5.9372,4.8593
2010-09-17,5.2852,5.149,5.2852,5.0882,40416367.0,7209888.0,5.7807,4.7318
2010-09-20,5.1838,5.1461,5.2128,5.0708,20660063.0,3738083.0,5.6648,4.6332
2010-09-21,5.1809,5.1548,5.2099,5.1287,14272407.0,2561946.0,5.6619,4.6303
2010-09-27,5.1548,5.2794,5.2881,5.1548,26983340.0,4790426.0,5.6706,4.639
2010-09-28,5.2736,5.2852,5.3721,5.233,33119136.0,5781709.0,5.8068,4.752
2010-09-29,5.2852,5.2968,5.3547,5.2446,22994819.0,4024758.0,5.8126,4.7578
2010-09-30,5.2504,5.3113,5.346,5.2243,17894686.0,3137149.0,5.827,4.7665
2010-10-08,5.3403,5.4272,5.4417,5.3229,25308066.0,4336189.0,5.8415,4.781
2010-10-11,5.4272,5.5605,5.6503,5.3837,64390162.0,10829629.0,5.969,4.8853
2010-10-12,5.5373,5.5083,5.5373,5.4243,48246224.0,8187430.0,6.1168,5.0041
2010-10-13,5.7082,5.688,5.9343,5.6242,107683877.0,17325606.0,6.0589,4.9578
2010-10-14,5.688,5.404,5.6909,5.3982,58309244.0,9774784.0,6.2559,5.12
2010-10-15,5.404,5.3808,5.4909,5.2157,41993234.0,7261760.0,5.9458,4.865
2010-10-18,5.3779,5.346,5.4648,5.2678,26182752.0,4559632.0,5.9198,4.8419
2010-10-19,5.3431,5.5807,5.5894,5.3055,33008618.0,5568992.0,5.8821,4.8129
2010-10-20,5.404,5.5083,5.6416,5.3895,35792792.0,6037405.0,6.14,5.0215
2010-10-21,5.5141,5.5605,5.6155,5.5054,39110669.0,6524998.0,6.0589,4.9578
2010-10-22,5.5373,5.5779,5.6445,5.5083,38425705.0,6389898.0,6.1168,5.0041
2010-10-25,5.5692,5.63,5.6445,5.4909,52556415.0,8743155.0,6.1371,5.0215
2010-10-26,5.63,5.5952,5.6503,5.5083,46129967.0,7691600.0,6.1921,5.0679
2010-10-27,5.601,5.5315,5.6445,5.5257,47424385.0,7850461.0,6.1545,5.036
2010-10-28,5.5054,5.4011,5.5054,5.346,43469684.0,7481459.0,6.0849,4.9781
2010-10-29,5.3837,5.4011,5.4388,5.3547,23790424.0,4087443.0,5.9401,4.8621
2010-11-01,5.3982,5.4591,5.4677,5.3605,56208683.0,9632534.0,5.9401,4.8621
2010-11-02,5.4562,5.3895,5.4648,5.3663,44128996.0,7570042.0,6.0038,4.9143
2010-11-03,5.3895,5.4127,5.4619,5.3113,30373870.0,5220294.0,5.9285,4.8506
2010-11-04,5.3634,5.4185,5.4417,5.3634,29408151.0,5047834.0,5.9545,4.8708
2010-11-05,5.4504,5.5923,5.6068,5.3895,71018246.0,11911824.0,5.9603,4.8766
2010-11-08,5.6561,5.6561,5.688,5.5663,69504496.0,11450170.0,6.1516,5.0331
2010-11-09,5.6561,5.7923,5.8068,5.63,103643135.0,16749907.0,6.2211,5.0911
2010-11-10,5.7952,5.7604,5.8299,5.6793,81762393.0,13167334.0,6.3718,5.2128
2010-11-11,5.6967,5.6996,5.8734,5.6822,84502864.0,13539520.0,6.337,5.1838
2010-11-12,5.6561,5.7749,5.9603,5.6561,194937407.0,31061552.0,6.2704,5.1287
2010-11-15,5.7923,6.0878,6.1255,5.7894,176291660.0,27160154.0,6.3515,5.1983
2010-11-16,6.1139,6.5775,6.6963,6.0212,252024435.0,36551901.0,6.6963,5.4793
2010-11-17,6.5775,6.253,6.5775,5.9429,138644335.0,20427408.0,7.2353,5.9198
2010-11-18,6.253,6.3544,6.5717,6.0241,133985412.0,19795491.0,6.8789,5.6271
2010-11-19,6.2878,6.3022,6.3718,6.0878,69214747.0,10261424.0,6.989,5.7198
2010-11-22,6.2385,6.479,6.5399,6.1863,112816708.0,16288845.0,6.9339,5.6735
2010-11-23,6.3834,6.1863,6.4095,6.0849,63988391.0,9477216.0,7.1281,5.8299
2010-11-24,6.1863,6.4384,6.479,6.1458,79296715.0,11689072.0,6.8064,5.5692
2010-11-25,6.4268,6.734,6.8644,6.4124,142003683.0,19795101.0,7.0817,5.7952
2010-11-26,6.7804,6.8006,6.9658,6.6007,103825826.0,14142515.0,7.4062,6.0617
2010-11-29,6.8035,6.8673,7.0122,6.7427,81085922.0,10939315.0,7.4816,6.1197
2010-11-30,7.0991,7.2208,7.244,6.5485,146809864.0,19294880.0,7.554,6.1805
2010-12-01,7.1802,7.4091,7.7221,7.0295,184365472.0,23048614.0,7.9423,6.4993
2010-12-02,7.3309,8.1509,8.1509,7.2498,301955112.0,35421757.0,8.1509,6.6673
2010-12-03,8.1161,7.8409,8.1654,7.4903,139992659.0,16595341.0,8.9651,7.3367
2010-12-06,7.6931,8.0756,8.1277,7.6873,144807170.0,16939491.0,8.6261,7.0556
2010-12-07,7.951,8.884,8.884,7.7105,210536751.0,22675696.0,8.884,7.2671
2010-12-08,8.9419,8.8405,9.2375,8.7159,147342770.0,15260659.0,9.7736,7.9944
2010-12-09,8.6957,8.8,9.0926,8.4754,111846920.0,11742950.0,9.7243,7.9568
2010-12-10,8.6928,8.4291,8.9912,8.374,105166166.0,11308662.0,9.6808,7.9191
2010-12-13,8.4465,8.5884,8.9159,8.4465,106692997.0,11470941.0,9.2723,7.5859
2010-12-14,8.5044,9.2665,9.3302,8.4899,195753875.0,20191418.0,9.4461,7.7308
2010-12-15,9.1796,8.8579,9.1796,8.826,122684560.0,12738387.0,10.1937,8.3393
2010-12-16,8.8579,8.8579,8.8579,8.8579,0.0,0.0,,
2010-12-17,8.6899,8.5653,8.884,8.4986,74417646.0,8030339.0,9.7446,7.9713
2010-12-20,8.6058,8.3885,8.6609,7.8814,91493629.0,10223075.0,9.4229,7.7076
2010-12-21,8.3421,8.6087,8.6551,8.0814,71530986.0,7892336.0,9.2288,7.5511
2010-12-22,8.5131,8.319,8.5624,8.3161,54178997.0,5973514.0,9.4693,7.7481
2010-12-23,8.2233,8.2089,8.4291,8.1132,29293413.0,3301104.0,9.1506,7.4874
2010-12-24,8.1161,8.1132,8.3103,7.9684,38093524.0,4345546.0,9.0289,7.3888
2010-12-27,8.1712,8.6957,8.9246,8.0292,152065007.0,16186845.0,8.9246,7.3019
2010-12-28,8.6203,8.8811,8.9738,8.374,142991136.0,15047626.0,9.5649,7.8264
2010-12-29,8.7594,8.2552,8.8753,8.1364,137469933.0,15273030.0,9.7707,7.9944
2010-12-30,8.1364,8.5566,8.7217,8.1132,68268861.0,7619395.0,9.081,7.4294
2010-12-31,8.3885,8.7217,8.8203,8.345,63623555.0,6819238.0,9.4114,7.7018
2011-01-04,8.6058,8.9072,9.2114,8.6058,86007598.0,8947360.0,9.5939,7.8496
2011-01-05,8.7014,8.8376,9.2143,8.6348,85752710.0,8834509.0,9.7967,8.0176
2011-01-06,8.7797,8.771,8.9506,8.687,43265981.0,4552426.0,9.7214,7.9539
2011-01-07,8.7681,8.9246,9.1274,8.6667,78178049.0,8058781.0,9.649,7.893
2011-01-10,8.9043,8.4812,8.9246,8.4349,55570618.0,5961302.0,9.817,8.0321
2011-01-11,8.403,7.6873,8.4609,7.6322,172354261.0,20566742.0,9.3302,7.6322
2011-01-12,7.6873,7.9857,8.0553,7.6206,95502599.0,11314925.0,8.4552,6.9194
2011-01-13,7.8235,7.7105,7.9249,7.6351,36905016.0,4421286.0,8.7855,7.186
2011-01-14,7.7423,7.4323,7.751,7.4178,34868845.0,4313312.0,8.4812,6.9397
2011-01-17,7.3888,7.3048,7.3888,7.1107,39985606.0,5153955.0,8.177,6.6905
2011-01-18,7.3077,7.5714,7.6786,7.2469,32047564.0,3944397.0,8.035,6.5746
2011-01-19,7.5511,8.0901,8.1161,7.4352,73325468.0,8681590.0,8.3277,6.8151
2011-01-20,7.9104,7.8293,8.0814,7.7134,36058888.0,4233968.0,8.8985,7.2816
2011-01-21,7.8177,7.6815,8.0118,7.6525,43267152.0,5138160.0,8.6116,7.0469
2011-01-24,7.6496,7.8496,7.9394,7.5337,37258336.0,4405168.0,8.4494,6.9136
2011-01-25,7.751,7.6931,7.8525,7.5656,14578684.0,1757146.0,8.6348,7.0643
2011-01-26,7.6496,7.9539,7.9973,7.6496,28417427.0,3332442.0,8.4638,6.9252
2011-01-27,7.9771,8.0118,8.2291,7.7655,34901166.0,4025680.0,8.7507,7.1599
2011-01-28,7.8235,8.1219,8.2233,7.8235,41863908.0,4779056.0,8.8145,7.2092
2011-01-31,8.1364,8.6058,8.6638,8.0553,53288869.0,5879760.0,8.9333,7.3106
2011-02-01,8.6058,8.5247,8.8318,8.4088,49998771.0,5340966.0,9.4664,7.7452
2011-02-09,8.4754,8.9391,8.9825,8.2581,77577148.0,8157203.0,9.3766,7.6728
2011-02-10,8.9246,8.9535,9.0984,8.7507,41216820.0,4286813.0,9.8344,8.0466
2011-02-11,8.8637,9.5707,9.6866,8.8318,104946881.0,10278592.0,9.8489,8.0582
2011-02-14,9.591,10.5269,10.5269,9.591,154575232.0,13709789.0,10.5269,8.6145
2011-02-15,11.005,10.9934,11.5788,10.8659,164808487.0,13617949.0,11.5788,9.4751
2011-02-16,10.9442,10.892,11.147,10.5501,115560819.0,9952432.0,12.0916,9.8953
2011-02-17,10.808,10.779,10.808,10.3792,122117802.0,10694384.0,11.9815,9.8025
2011-02-18,10.6457,10.5704,10.9152,10.4458,84485360.0,7332973.0,11.8569,9.7011
2011-02-21,10.5356,10.6486,10.7182,10.3357,51036723.0,4477107.0,11.628,9.5128
2011-02-22,10.6486,10.0401,10.6921,9.8547,90123794.0,8210090.0,11.7149,9.5852
2011-02-23,10.0256,9.9909,10.2517,9.5939,50675923.0,4726698.0,11.0456,9.0376
2011-02-24,9.9387,10.2806,10.3299,9.7562,70223623.0,6440934.0,10.9905,8.9912
2011-02-25,10.3734,11.3093,11.3093,10.1647,119724337.0,10285427.0,11.3093,9.252
2011-02-28,11.3325,11.6454,12.1322,11.1847,238133866.0,19008867.0,12.4393,10.1792
2011-03-01,11.5266,12.761,12.8102,11.3296,191377098.0,14797814.0,12.8102,10.4806
2011-03-02,12.506,12.7899,13.5027,11.5903,136665402.0,10029501.0,14.0359,11.486
2011-03-03,12.6798,12.6711,13.468,12.3147,116332957.0,8297760.0,14.0678,11.5121
2011-03-04,12.6914,12.8624,13.184,12.5205,92366729.0,6605430.0,13.9374,11.4049
2011-03-07,12.787,13.0131,13.3231,12.6335,103078269.0,7328272.0,14.1489,11.5759
2011-03-08,12.7552,12.6306,12.9986,12.3727,75341858.0,5555046.0,14.3141,11.712
2011-03-09,12.7204,12.7523,13.1434,12.5031,103104952.0,7403466.0,13.8939,11.3672
2011-03-10,12.4625,12.2336,13.0362,12.138,187986702.0,14113590.0,14.0272,11.4773
2011-03-11,12.1409,12.0163,12.3437,11.9438,67672803.0,5176176.0,13.4564,11.0108
2011-03-14,11.9496,12.1293,12.5176,11.9467,112066201.0,8503645.0,13.2188,10.8138
2011-03-15,12.1409,11.7613,12.1409,11.0195,106146051.0,8467901.0,13.3434,10.9152
2011-03-16,11.5932,12.1148,12.2278,11.5932,75181187.0,5871853.0,12.9377,10.5849
2011-03-17,11.8801,12.3263,12.6914,11.6222,154890103.0,11601120.0,13.326,10.9036
2011-03-18,12.28,12.6364,12.8943,12.2539,140096131.0,10249645.0,13.5578,11.0949
2011-03-21,12.648,12.3292,12.8073,12.0684,71110754.0,5345117.0,13.8997,11.373
2011-03-22,12.2568,13.0855,13.1261,12.2568,145632899.0,10586710.0,13.5636,11.0978
2011-03-23,12.9232,13.1608,13.4129,12.7523,113222903.0,7959728.0,14.3952,11.7758
2011-03-24,13.071,14.0736,14.3952,12.9783,133659257.0,9164106.0,14.4763,11.8453
2011-03-25,14.0243,14.6357,15.0327,13.9084,158524687.0,10007549.0,15.4818,12.6653
2011-03-28,14.6618,14.5314,14.8356,14.1112,82249481.0,5275718.0,16.099,13.1724
2011-03-29,14.459,14.2503,14.459,13.8505,91628963.0,5980035.0,15.986,13.0797
2011-03-30,14.2271,14.5488,14.9834,14.2069,120383064.0,7616762.0,15.6759,12.8247
2011-03-31,14.514,14.5314,14.9805,14.459,95421193.0,6014883.0,16.0034,13.0942
2011-04-01,14.5922,14.3257,14.5922,13.9171,85080203.0,5546096.0,15.986,13.0797
2011-04-06,14.1692,14.4126,14.6995,14.117,51166016.0,3299373.0,15.7571,12.8943
2011-04-07,14.4184,15.8527,15.8527,14.4184,174779249.0,10414141.0,15.8527,12.9725
2011-04-08,16.3453,15.8933,16.5046,15.6122,156287994.0,9100138.0,17.4377,14.2677
2011-04-11,15.9338,15.5542,16.0236,15.5166,126850913.0,7490224.0,17.484,14.3054
2011-04-12,15.4586,15.3108,15.8324,15.0095,133306869.0,8025270.0,17.1102,13.9982
2011-04-13,15.0674,15.6238,15.647,14.8385,134870187.0,8198675.0,16.8408,13.7809
2011-04-14,15.5021,15.1051,15.6093,15.0964,141388491.0,8613078.0,17.1856,14.062
2011-04-15,14.9255,14.8385,15.1515,14.4213,176894874.0,11153130.0,16.6148,13.5955
2011-04-18,14.6502,14.6067,14.9486,14.4503,138764360.0,8774250.0,16.3221,13.355
2011-04-19,14.6328,14.1402,14.7197,14.1112,139358503.0,9030173.0,16.0671,13.1463
2011-04-20,14.1721,14.0359,14.6038,13.9577,123858420.0,8072163.0,15.5542,12.7262
2011-04-21,13.9519,15.2906,15.4383,13.9519,219718902.0,13795981.0,15.4383,12.6335
2011-04-22,15.2906,15.2906,15.2906,15.2906,0.0,0.0,,
2011-04-25,14.9226,14.7632,15.1428,14.0475,123130642.0,7798368.0,16.8205,13.7606
2011-04-26,14.343,14.5256,14.7371,14.2069,74850173.0,4798810.0,16.241,13.2883
2011-04-27,14.4879,14.656,15.3572,14.43,95942913.0,6000646.0,15.9773,13.0739
2011-04-28,14.7748,14.1634,14.9457,14.0823,129114325.0,8368768.0,16.1222,13.1898
2011-04-29,13.9693,14.572,14.9226,13.9693,76160831.0,4874646.0,15.5803,12.7465
2011-05-03,14.5749,15.0327,15.1051,14.2561,90638873.0,5684182.0,16.0294,13.1145
2011-05-04,14.8646,14.4647,15.2094,14.1982,109328533.0,6832752.0,16.5365,13.5288
2011-05-05,14.4416,13.7693,14.543,13.0391,208342618.0,14174637.0,15.9106,13.0189
2011-05-06,13.3289,13.7461,13.8649,13.1898,68895686.0,4687136.0,15.1457,12.393
2011-05-09,13.7751,13.8041,14.1373,13.6795,49570293.0,3310026.0,15.1196,12.3727
2011-05-10,13.8186,14.0997,14.1402,13.3897,52636016.0,3542682.0,15.1833,12.4248
2011-05-11,13.9664,14.343,14.6328,13.9084,95343102.0,6140403.0,15.5108,12.6885
2011-05-12,14.3141,14.3083,14.7777,13.8794,86487482.0,5540685.0,15.7774,12.9087
2011-05-13,14.2474,14.1054,14.4676,13.41,73189862.0,4859507.0,15.7397,12.8769
2011-05-16,14.0533,13.5607,14.0533,13.5027,65661138.0,4466400.0,15.5166,12.6943
2011-05-17,13.5346,13.3231,13.6766,13.2565,77551040.0,5363779.0,14.9168,12.2046
2011-05-18,13.3579,13.581,13.7317,13.0623,45919289.0,3155661.0,14.656,11.9902
2011-05-19,13.6129,13.4042,13.6129,13.2275,48543850.0,3370864.0,14.94,12.222
2011-05-20,13.4448,13.0478,13.4912,13.016,70973574.0,5005507.0,14.7458,12.0626
2011-05-23,13.0449,12.5494,13.0623,12.4915,50982085.0,3726826.0,14.3517,11.7439
2011-05-24,12.3872,13.2941,13.3231,12.3872,63193846.0,4560490.0,13.8041,11.2948
2011-05-25,13.2941,13.3057,13.7896,13.0623,172644902.0,11845814.0,14.6241,11.9641
2011-05-26,13.3348,12.9157,13.946,12.8168,34850545.0,2435272.0,14.6386,11.9728
2011-05-27,12.8051,12.357,12.8051,12.2464,51585565.0,3855898.0,14.2079,11.6236
2011-05-30,12.2231,12.4443,13.3872,11.8331,117044530.0,8541352.0,13.5909,11.123
2011-05-31,12.4443,13.2999,13.3872,12.2813,169421297.0,12394741.0,13.6899,11.1987
2011-06-01,13.1951,13.3988,13.6491,12.9798,118926842.0,8273869.0,14.6328,11.9728
2011-06-02,13.1835,14.2195,14.2545,13.0671,170354366.0,11474142.0,14.7376,12.0601
2011-06-03,14.2137,14.2719,14.6502,14.0275,209687059.0,13693808.0,15.6397,12.7993
2011-06-07,14.2777,13.9983,14.2894,13.6375,142465224.0,9530886.0,15.6979,12.8459
2011-06-08,13.6899,13.7364,13.9983,13.4396,174110563.0,11834427.0,15.4011,12.6014
2011-06-09,13.5618,12.4384,13.5618,12.3977,243356972.0,17578440.0,15.1101,12.3628
2011-06-10,12.4384,12.4384,12.4384,12.4384,0.0,0.0,,
2011-06-13,12.0776,11.9379,12.0776,11.3617,145080583.0,11520789.0,13.684,11.1929
2011-06-14,11.7574,13.1311,13.1311,11.7051,257356334.0,18826075.0,13.1311,10.7447
2011-06-15,13.2591,12.9099,13.5152,12.8983,382663315.0,26847275.0,14.4465,11.8157
2011-06-16,12.6596,13.0263,13.2126,12.2406,206398108.0,14881266.0,14.2021,11.6178
2011-06-17,13.0089,12.9507,13.4745,12.5723,266515596.0,18975098.0,14.3301,11.7225
2011-06-20,12.7993,13.1602,13.2242,12.6887,180186548.0,12874634.0,14.2486,11.6585
2011-06-21,13.166,13.6084,13.9692,13.166,284158793.0,19391094.0,14.4756,11.8448
2011-06-22,13.6084,14.0857,14.3127,13.329,300775985.0,20289989.0,14.9704,12.2464
2011-06-23,14.0857,14.8831,15.3662,13.8587,395176800.0,25023328.0,15.4942,12.6771
2011-06-24,14.8481,14.7841,15.4942,14.5862,443784321.0,27484053.0,16.3731,13.393
2011-06-27,14.5979,14.8307,14.9413,14.4407,293142859.0,18542182.0,16.2625,13.3057
2011-06-28,14.7725,15.3895,15.6223,14.0275,412799924.0,25928813.0,16.3149,13.3465
2011-06-29,15.3545,14.755,15.3545,14.7317,264717091.0,16380162.0,16.9261,13.8528
2011-06-30,14.5513,14.9005,15.2207,14.4698,166589835.0,10420853.0,16.2334,13.2824
2011-07-01,14.9587,14.8598,15.3953,14.8249,195459198.0,12045834.0,16.3906,13.4105
2011-07-04,14.8598,14.8598,14.8598,14.8598,0.0,0.0,,
2011-07-05,15.081,16.053,16.344,15.081,483798414.0,28243090.0,16.344,13.3756
2011-07-06,16.1112,15.8958,16.1112,15.4884,289625369.0,17065550.0,17.6595,14.4465
2011-07-07,16.0006,15.7038,16.0646,15.6281,194409672.0,11458666.0,17.4848,14.3068
2011-07-08,15.6572,15.3021,15.8085,14.9587,253739724.0,15448600.0,17.2753,14.1322
2011-07-11,15.2963,15.5117,15.7678,15.1799,133217116.0,7965944.0,16.8329,13.7713
2011-07-12,15.3836,15.3021,15.8027,15.1508,147669418.0,8894261.0,17.0658,13.9634
2011-07-13,15.2498,15.7038,15.7387,15.2498,178614851.0,10651258.0,16.8329,13.7713
2011-07-14,15.8318,16.798,16.9959,15.599,388296830.0,22279018.0,17.2753,14.1322
2011-07-15,16.4837,16.8795,18.2706,16.4721,563930032.0,30478995.0,18.4801,15.1159
2011-07-18,16.8795,16.5885,17.0308,16.2742,285414533.0,15977422.0,18.5675,15.1916
2011-07-19,16.4139,16.28,16.4721,16.0355,209703412.0,12017266.0,18.2473,14.9296
2011-07-20,16.3324,16.3207,16.4895,16.0646,134501337.0,7687822.0,17.9097,14.6502
2011-07-21,16.3848,16.0879,16.5594,16.0355,138692587.0,7994270.0,17.9505,14.691
2011-07-22,16.0879,16.5885,16.6816,15.9075,220641161.0,12521099.0,17.6944,14.4815
2011-07-25,16.3266,15.7096,16.5303,15.5699,191838187.0,11134466.0,18.2473,14.9296
2011-07-26,15.599,15.1741,15.7154,15.0053,211335828.0,12947187.0,17.2811,14.138
2011-07-27,15.2207,15.3545,15.5175,14.9704,159326845.0,9702342.0,16.6932,13.6549
2011-07-28,15.1625,14.6444,15.1625,14.4349,182159805.0,11508789.0,16.8911,13.8179
2011-07-29,14.6852,14.5979,14.9587,14.4349,83285986.0,5284043.0,16.1112,13.1777
2011-08-01,14.5397,14.755,14.8656,14.4349,70153463.0,4439962.0,16.0588,13.1369
2011-08-02,14.7841,14.8074,14.8423,14.4407,86512269.0,5471104.0,16.2334,13.2824
2011-08-03,14.6095,15.1683,15.1799,14.5222,128388916.0,7997456.0,16.2858,13.329
2011-08-04,15.2905,16.117,16.28,15.1741,353539068.0,20734355.0,16.6874,13.6491
2011-08-05,15.5117,16.4255,16.5885,15.308,355087092.0,20428059.0,17.7293,14.5047
2011-08-08,16.2392,16.0064,16.734,15.2847,296004821.0,17198563.0,18.0669,14.7841
2011-08-09,15.4244,15.8027,16.2684,14.6735,252494451.0,15170038.0,17.6071,14.4058
2011-08-10,16.0646,16.6234,16.9843,15.9482,415009942.0,23467885.0,17.3859,14.2253
2011-08-11,16.181,16.4371,16.6816,16.0239,290583307.0,16552410.0,18.2881,14.9587
2011-08-12,16.5536,16.0588,16.5827,16.0355,224251646.0,12829598.0,18.0785,14.7958
2011-08-15,16.0937,16.0763,16.216,15.6223,186456159.0,10896818.0,17.6653,14.4523
2011-08-16,16.181,16.3033,16.6234,16.0646,203557123.0,11549971.0,17.6827,14.4698
2011-08-17,16.2975,16.408,16.5419,16.1403,155206911.0,8817133.0,17.933,14.6735
2011-08-18,16.5827,15.2905,16.5827,15.2498,256132380.0,15183254.0,18.0494,14.7667
2011-08-19,14.8831,14.4349,14.9587,14.3767,241798487.0,15357710.0,16.8213,13.7597
2011-08-22,14.6561,13.8819,14.8249,13.7946,209006794.0,13774533.0,15.8784,12.9914
2011-08-23,13.9634,14.4232,14.4349,13.62,122853148.0,8142134.0,15.273,12.4967
2011-08-24,14.4931,14.0333,14.528,13.9692,100819325.0,6591326.0,15.8667,12.9798
2011-08-25,14.0275,14.3709,14.4873,13.9809,119166636.0,7773909.0,15.436,12.6305
2011-08-26,14.2312,14.2312,14.3476,14.074,92552660.0,6069781.0,15.8085,12.9332
2011-08-29,14.173,13.6317,14.173,13.5385,154336297.0,10458432.0,15.6572,12.811
2011-08-30,13.7364,13.2417,13.7946,13.1253,153819046.0,10618920.0,14.9937,12.2697
2011-08-31,13.2417,13.4279,13.6724,12.9216,122532623.0,8559222.0,14.5688,11.9204
2011-09-01,13.3872,13.23,13.4279,13.1777,58786655.0,4116576.0,14.7725,12.0834
2011-09-02,13.0962,13.2591,13.3872,13.0205,74088511.0,5242829.0,14.5513,11.9088
2011-09-05,13.0729,11.9321,13.0729,11.9321,151779068.0,11518272.0,14.5862,11.9321
2011-09-06,11.641,11.4373,11.868,11.1521,169274802.0,13788176.0,13.1253,10.7389
2011-09-07,11.5537,11.6352,11.6934,11.3093,135901210.0,10948104.0,12.584,10.2965
2011-09-08,11.6992,11.1754,11.7574,11.1579,156525030.0,12844917.0,12.7993,10.4711
2011-09-09,11.1172,10.5642,11.2627,10.4071,218756153.0,18943203.0,12.2929,10.0579
2011-09-13,10.3314,10.9309,11.2336,9.9764,274033103.0,24237237.0,11.6236,9.5107
2011-09-14,10.6574,10.6108,10.7854,10.2034,223102609.0,19764469.0,12.0252,9.8367
2011-09-15,10.5875,10.5177,10.8727,10.506,152505918.0,13310469.0,11.6701,9.5515
2011-09-16,10.5875,10.3431,10.7621,10.3023,96935674.0,8599680.0,11.5712,9.4642
2011-09-19,10.2558,9.9123,10.2907,9.8483,102141724.0,9511854.0,11.3791,9.307
2011-09-20,9.9531,10.0811,10.2732,9.9007,132446996.0,12226963.0,10.9018,8.9229
2011-09-21,10.087,10.9717,11.0823,9.9822,302136117.0,26390475.0,11.0881,9.0742
2011-09-22,10.7796,10.5468,10.96,10.5119,199370840.0,17251346.0,12.0718,9.8774
2011-09-23,10.1568,10.8087,10.9251,10.1568,183666907.0,16086693.0,11.6003,9.4933
2011-09-26,10.7098,10.832,11.059,10.6108,196517576.0,16774178.0,11.8913,9.7261
2011-09-27,10.9717,10.9135,11.1638,10.8145,149423884.0,12686974.0,11.9146,9.7494
2011-09-28,11.0008,11.0997,11.1463,10.9018,230037036.0,19448486.0,12.0077,9.825
2011-09-29,10.768,10.6399,11.1754,10.6341,204115097.0,17357954.0,12.2114,9.988
2011-09-30,10.6981,10.0753,10.7621,9.86,156487269.0,14370096.0,11.7051,9.5748
2011-10-10,10.1452,9.9822,10.2849,9.924,58173694.0,5383126.0,11.0823,9.0684
2011-10-11,10.3023,10.0811,10.4828,9.86,94886302.0,8678498.0,10.9833,8.9811
2011-10-12,9.9822,10.506,10.5817,9.8658,124048975.0,11176712.0,11.0881,9.0742
2011-10-13,10.506,11.1114,11.1754,10.4828,211094051.0,18083683.0,11.5596,9.4583
2011-10-14,11.0764,11.0182,11.187,10.7971,139266629.0,11819307.0,12.2231,9.9997
2011-10-17,11.1638,11.2685,11.641,11.1347,196177472.0,16066510.0,12.1183,9.9182
2011-10-18,11.1638,10.7505,11.1638,10.7389,128338838.0,10960275.0,12.3977,10.1393
2011-10-19,10.7505,10.6516,10.9891,10.6341,82506413.0,7116014.0,11.8273,9.6737
2011-10-20,10.5875,10.3489,10.5875,10.1859,73813933.0,6659674.0,11.7167,9.5864
2011-10-21,10.2208,10.3547,10.506,10.2208,48540658.0,4366142.0,11.3849,9.3128
2011-10-24,10.3896,10.8378,10.8494,10.1917,102890215.0,9067470.0,11.3908,9.3187
2011-10-25,10.8262,11.0706,11.2336,10.5642,147079568.0,12472320.0,11.9204,9.7552
2011-10-26,11.0415,11.3267,11.8622,10.9426,275066928.0,22268323.0,12.1765,9.9647
2011-10-27,11.3384,11.3849,11.5828,11.1463,196622494.0,16162677.0,12.4617,10.1917
2011-10-28,11.5246,11.6119,11.9437,11.4664,195365656.0,15578789.0,12.5258,10.2441
2011-10-31,11.6585,11.6294,11.7342,11.414,102017682.0,8205027.0,12.776,10.4537
2011-11-01,11.3966,11.4781,11.6992,11.3326,133753055.0,10822850.0,12.7935,10.4653
2011-11-02,11.2336,11.4839,11.5537,11.0473,161392750.0,13340381.0,12.6247,10.3314
2011-11-03,11.5188,11.6003,11.7516,11.4315,156980958.0,12603411.0,12.6305,10.3372
2011-11-04,11.6701,11.577,11.7516,11.4199,110333039.0,8875427.0,12.7586,10.442
2011-11-07,11.4431,11.1463,11.5072,11.1288,109000121.0,8997032.0,12.7353,10.4187
2011-11-08,11.1114,11.0241,11.3151,10.9484,100457820.0,8423264.0,12.2638,10.0346
2011-11-09,11.0648,11.2511,11.2627,10.9135,80470909.0,6756446.0,12.1241,9.924
2011-11-10,11.0532,10.7854,11.1172,10.7738,114726856.0,9805453.0,12.3744,10.1277
2011-11-11,10.7854,10.6748,10.8436,10.605,77174339.0,6683898.0,11.8622,9.7086
2011-11-14,10.768,10.9484,10.96,10.6574,114052534.0,9839446.0,11.74,9.6097
2011-11-15,10.8786,10.7621,11.0939,10.6923,158212202.0,13634090.0,12.0427,9.8541
2011-11-16,10.7621,10.3605,10.7912,10.2558,142510616.0,12712229.0,11.8389,9.6853
2011-11-17,10.3489,10.2499,10.4711,10.1859,74135330.0,6703357.0,11.3966,9.3245
2011-11-18,10.1801,9.9356,10.1801,9.8891,113000047.0,10557678.0,11.2743,9.2255
2011-11-21,9.9473,9.8832,10.0462,9.8018,62050904.0,5854227.0,10.9309,8.9403
2011-11-22,9.7785,9.7901,9.8192,9.6039,57863327.0,5549907.0,10.8727,8.8938
2011-11-23,9.7727,9.4583,9.8309,9.4176,78232654.0,7580110.0,10.768,8.8123
2011-11-24,9.3245,9.2837,9.4467,9.1091,72993514.0,7340512.0,10.4071,8.5154
2011-11-25,9.2488,9.3128,9.4758,9.1964,62856501.0,6261346.0,10.215,8.3583
2011-11-28,9.4583,9.2954,9.5165,9.2604,67379004.0,6689898.0,10.2441,8.3815
2011-11-29,9.4583,9.4118,9.4583,9.3187,53529724.0,5313750.0,10.2267,8.3641
2011-11-30,9.4118,9.4118,9.4118,9.4118,0.0,0.0,,
2011-12-01,9.2837,9.3885,9.7901,9.2837,279566458.0,27412070.0,10.3547,8.4689
2011-12-02,9.2372,8.8938,9.2488,8.7191,144866467.0,15044744.0,10.3256,8.4514
2011-12-05,8.9054,8.3757,8.9054,8.3175,113679028.0,12436875.0,9.7843,8.0032
2011-12-06,8.3699,8.3932,8.4689,8.2651,66693858.0,7428595.0,9.2139,7.5376
2011-12-07,8.4223,8.2128,8.4281,8.1604,75006535.0,8454346.0,9.2313,7.555
2011-12-08,8.1953,8.3117,8.4281,8.1022,88452346.0,9947656.0,9.0334,7.3921
2011-12-09,8.1953,8.2069,8.3292,8.1545,63155877.0,7127722.0,9.144,7.4794
2011-12-12,8.1545,7.945,8.2477,7.9334,61416944.0,7078222.0,9.0276,7.3862
2011-12-13,7.8577,7.5376,7.8868,7.4677,73049110.0,8998720.0,8.7424,7.1534
2011-12-14,7.555,7.3746,7.6482,7.3106,36496959.0,4548848.0,8.2942,6.7867
2011-12-15,7.2465,6.9439,7.3048,6.9381,111658271.0,14633858.0,8.1138,6.6354
2011-12-16,6.973,7.1942,7.2524,6.9148,66071755.0,8734115.0,7.6365,6.2512
2011-12-19,7.101,7.101,7.136,6.8857,49091369.0,6518645.0,7.9159,6.4724
2011-12-20,7.0603,7.2815,7.5725,7.0312,134097054.0,16985632.0,7.8111,6.3909
2011-12-21,7.2815,7.0254,7.3804,6.9904,79629952.0,10235250.0,8.009,6.5539
2011-12-22,6.9613,7.1069,7.1592,6.7693,57826383.0,7749051.0,7.7296,6.3211
2011-12-23,6.9963,7.4153,7.6714,6.9904,208904262.0,26121942.0,7.817,6.3968
2011-12-26,7.2989,7.4386,7.6132,7.2989,113836472.0,14140238.0,8.1545,6.6761
2011-12-27,7.3921,7.0778,7.4328,7.0486,80621284.0,10391787.0,8.1837,6.6936
2011-12-28,6.9846,7.2698,7.2931,6.9264,69065446.0,8975931.0,7.7879,6.3676
2011-12-29,7.1651,7.2407,7.3513,7.1301,46061505.0,5912640.0,7.9974,6.5423
2011-12-30,7.2756,7.4095,7.4503,7.2465,76687798.0,9707784.0,7.9625,6.519
2012-01-04,7.4794,7.1942,7.5026,7.1825,59331895.0,7527120.0,8.1487,6.6703
2012-01-05,7.1301,6.9904,7.2174,6.9846,42856880.0,5647374.0,7.9159,6.4724
2012-01-06,6.9846,7.136,7.1592,6.9322,31013114.0,4097285.0,7.6889,6.292
2012-01-09,7.2174,7.5259,7.5376,7.0719,84391729.0,10660802.0,7.8519,6.42
2012-01-10,7.4968,8.1953,8.2477,7.4503,178423664.0,21199368.0,8.2768,6.7751
2012-01-11,8.1953,8.0207,8.236,7.8868,170883003.0,19794037.0,9.016,7.3746
2012-01-12,7.9799,8.1022,8.1953,7.9159,116286888.0,13402346.0,8.8239,7.2174
2012-01-13,8.0149,7.782,8.1545,7.718,112748593.0,13344462.0,8.9112,7.2931
2012-01-16,7.6307,7.6016,7.8868,7.5725,50235350.0,6051858.0,8.562,7.0021
2012-01-17,7.5841,8.1604,8.2477,7.5841,119002430.0,13862734.0,8.3641,6.8391
2012-01-18,8.1487,8.6551,8.9752,8.108,340237536.0,36631278.0,8.9752,7.3455
2012-01-19,8.5038,8.6784,8.8064,8.3641,188094638.0,20392739.0,9.5224,7.7879
2012-01-20,8.6493,8.952,8.9636,8.6144,178224592.0,18800997.0,9.5457,7.8111
2012-01-30,8.9287,8.5853,8.9287,8.5445,118083817.0,12653776.0,9.8483,8.0556
2012-01-31,8.5562,8.498,8.6435,8.2244,108784494.0,12077170.0,9.4467,7.7296
2012-02-01,8.463,8.1604,8.498,8.0498,128731269.0,14551750.0,9.3478,7.6482
2012-02-02,8.1545,8.3524,8.3699,7.9799,148435278.0,16902090.0,8.9752,7.3455
2012-02-03,8.2884,8.271,8.3408,8.0847,160003480.0,18135856.0,9.1906,7.5201
2012-02-06,8.271,8.271,8.271,8.271,0.0,0.0,,
2012-02-07,8.2884,8.0556,8.2884,7.9916,109613681.0,12610339.0,9.0975,7.4444
2012-02-08,8.0032,8.3874,8.4107,7.9741,138556603.0,15642555.0,8.8588,7.2524
2012-02-09,8.3641,8.6377,8.7191,8.3233,246515064.0,26759843.0,9.2255,7.5492
2012-02-10,8.6144,8.6377,8.9636,8.5329,211503807.0,22452629.0,9.4991,7.7762
2012-02-13,8.4398,8.5038,8.5911,8.3233,151142940.0,16656706.0,9.4991,7.7762
2012-02-14,8.498,8.5853,8.6085,8.3641,100055812.0,11011178.0,9.3536,7.654
2012-02-15,8.5562,8.6726,8.7133,8.4514,120769479.0,13050184.0,9.4467,7.7296
2012-02-16,8.6609,8.5794,8.789,8.498,104251353.0,11223517.0,9.5398,7.8053
2012-02-17,8.626,8.5096,8.6726,8.4165,73463890.0,8043219.0,9.4351,7.7238
2012-02-20,8.6551,8.5503,8.8123,8.5445,130708539.0,14053240.0,9.3594,7.6598
2012-02-21,8.498,8.6726,8.7133,8.4165,99741863.0,10788907.0,9.406,7.6947
2012-02-22,8.6609,8.9054,8.9054,8.5562,193672919.0,20514803.0,9.5398,7.8053
2012-02-23,8.952,8.9578,9.0742,8.7773,192115848.0,20017670.0,9.7959,8.0149
2012-02-24,8.9345,9.4467,9.7668,8.7715,347649267.0,35028208.0,9.8541,8.0614
2012-02-27,9.4409,9.4933,9.7843,9.3943,296632281.0,28790798.0,10.3896,8.5038
2012-02-28,9.4409,9.5806,9.6621,9.3419,176658240.0,17258637.0,10.442,8.5445
2012-02-29,9.5631,9.179,9.5631,9.1557,152599667.0,15244886.0,10.541,8.6202
2012-03-01,9.1266,9.2139,9.2954,9.0567,74892510.0,7582346.0,10.0986,8.2593
2012-03-02,9.2546,9.5165,9.5457,9.243,130915309.0,12942237.0,10.1335,8.2942
2012-03-05,9.5748,9.5631,9.8716,9.4933,167357433.0,16129891.0,10.4711,8.5678
2012-03-06,9.5631,9.179,9.5631,9.1615,150693918.0,15157170.0,10.5177,8.6085
2012-03-07,9.0567,8.9985,9.1324,8.8297,122277645.0,12693026.0,10.0986,8.2593
2012-03-08,9.0102,9.1033,9.1673,9.0102,98502928.0,10096387.0,9.9007,8.0963
2012-03-09,9.1382,9.243,9.2837,9.0218,88081608.0,8961797.0,10.0113,8.1953
2012-03-12,9.2663,9.1848,9.2837,9.08,90842613.0,9232885.0,10.1684,8.3175
2012-03-13,9.179,9.4642,9.4758,9.1499,123108385.0,12308400.0,10.1044,8.2651
2012-03-14,9.4874,8.8763,9.5689,8.8472,199135671.0,20058118.0,10.4129,8.5154
2012-03-15,8.7773,8.463,8.8355,8.1778,147311261.0,16159179.0,9.7668,7.9916
2012-03-16,8.399,8.5794,8.5853,8.2942,100251204.0,11034646.0,9.307,7.6191
2012-03-19,8.5794,8.7191,8.7424,8.3699,89023752.0,9717406.0,9.4351,7.7238
2012-03-20,8.6551,8.5503,8.7308,8.5038,59141070.0,6406763.0,9.5922,7.8461
2012-03-21,8.6377,8.5969,8.6726,8.4398,74407874.0,8116859.0,9.406,7.6947
2012-03-22,8.5969,8.5329,8.6435,8.5096,63504810.0,6890955.0,9.4583,7.7355
2012-03-23,8.5154,8.1895,8.5154,8.1313,76946205.0,8671142.0,9.3885,7.6773
2012-03-26,8.1837,8.1778,8.2826,8.1254,34125951.0,3888130.0,9.0102,7.3688
2012-03-27,8.236,8.2069,8.3583,8.1138,48293054.0,5470634.0,8.9985,7.363
2012-03-28,8.1778,7.9858,8.1778,7.8984,60197911.0,7000488.0,9.0276,7.3862
2012-03-29,7.8577,7.6773,7.9741,7.6016,49539821.0,5907910.0,8.7832,7.1883
2012-03-30,7.6773,7.6191,7.7704,7.5376,36534346.0,4450395.0,8.4456,6.909
2012-04-05,7.6365,8.044,8.0905,7.6249,95320694.0,11225811.0,8.3815,6.8566
2012-04-06,8.0498,8.2011,8.3001,7.9275,107264432.0,12176920.0,8.8472,7.2407
2012-04-09,8.2069,8.399,8.6085,8.0614,124324231.0,13686227.0,9.0218,7.3804
2012-04-10,8.3117,8.4921,8.5038,8.0731,75797058.0,8545195.0,9.2372,7.5609
2012-04-11,8.1604,8.4921,8.6551,8.1604,68419425.0,7522069.0,9.3419,7.6423
2012-04-12,8.5562,8.5853,8.6144,8.3524,72152477.0,7899570.0,9.3419,7.6423
2012-04-13,8.5678,8.952,8.9927,8.5329,164013748.0,17288779.0,9.4467,7.7296
2012-04-16,8.8064,8.9578,9.0567,8.7366,110763937.0,11563851.0,9.8483,8.0556
2012-04-17,8.9578,8.5969,8.9578,8.5853,92251647.0,9851515.0,9.8541,8.0614
2012-04-18,8.6551,8.8938,8.9694,8.562,69198534.0,7317234.0,9.4583,7.7355
2012-04-19,8.9461,9.0393,9.2081,8.8938,126463212.0,12936768.0,9.7843,8.0032
2012-04-20,9.0393,9.0393,9.0393,9.0393,0.0,0.0,,
2012-04-23,9.1848,9.3012,9.6562,9.0567,166163578.0,16524858.0,9.9414,8.1371
2012-04-24,9.1382,9.3652,9.5165,8.789,172498511.0,17461901.0,10.2325,8.3699
2012-04-25,9.3303,9.5457,9.6271,9.1964,188763951.0,18526277.0,10.3023,8.4281
2012-04-26,9.6039,9.3187,9.7028,9.3012,109318213.0,10784954.0,10.5002,8.5911
2012-04-27,9.3187,9.0509,9.3187,8.952,115365286.0,11839277.0,10.2499,8.3874
2012-05-02,9.08,9.1266,9.1964,8.9636,106000771.0,10870859.0,9.9589,8.1487
2012-05-03,9.0218,8.9345,9.0509,8.8181,87985081.0,9225875.0,10.0404,8.2128
2012-05-04,8.9578,8.9112,8.9578,8.7599,72104618.0,7587883.0,9.8309,8.044
2012-05-07,8.8472,8.5503,8.9054,8.4689,138083980.0,14948909.0,9.8018,8.0207
2012-05-08,8.5503,8.6726,8.7075,8.5445,89988247.0,9725072.0,9.406,7.6947
2012-05-09,8.6144,8.3641,8.6144,8.3408,85851425.0,9505766.0,9.5398,7.8053
2012-05-10,8.3233,8.2477,8.4107,8.2069,59795794.0,6712000.0,9.2022,7.5259
2012-05-11,8.2477,8.335,8.3757,8.2244,85418917.0,9578635.0,9.0742,7.4212
2012-05-14,8.4165,8.4514,8.6318,8.4107,123879353.0,13541198.0,9.1673,7.5026
2012-05-15,8.4514,8.4514,8.4514,8.4514,0.0,0.0,,
2012-05-16,8.498,8.0149,8.498,8.0032,104796880.0,11941054.0,9.2954,7.6074
2012-05-17,8.0149,8.1138,8.1778,7.881,51297500.0,5937638.0,8.8181,7.2116
2012-05-18,8.0265,8.0731,8.1313,7.9508,39021410.0,4520290.0,8.9229,7.3048
2012-05-21,8.0731,8.2186,8.3059,8.0731,55064662.0,6232542.0,8.8821,7.264
2012-05-22,8.3175,8.6726,8.6726,8.271,171818696.0,18659469.0,9.0393,7.3979
2012-05-23,8.6144,8.8705,8.9345,8.5329,173949030.0,18372898.0,9.5398,7.8053
2012-05-24,8.8996,8.7424,9.016,8.6784,125293762.0,13163899.0,9.7552,7.9858
2012-05-25,8.7307,8.7424,8.9247,8.566,81053586.0,8692342.0,9.6184,7.8664
2012-05-28,8.7483,9.6184,9.6184,8.5837,396781231.0,40149085.0,9.6184,7.8664
2012-05-29,9.7007,9.5831,9.7889,9.4009,351901646.0,34519354.0,10.5826,8.6542
2012-05-30,9.4244,9.6949,9.736,9.3539,248022741.0,24252280.0,10.5415,8.6248
2012-05-31,9.6125,9.542,9.7242,9.4538,150251531.0,14794126.0,10.6649,8.7248
2012-06-01,9.4714,9.1422,9.589,9.0481,197812174.0,20110355.0,10.4944,8.5896
2012-06-04,8.8718,8.6836,8.9776,8.6719,160459479.0,17144930.0,10.0594,8.2309
2012-06-05,8.7013,8.7248,8.8424,8.3955,140066372.0,15273442.0,9.5537,7.8135
2012-06-06,8.6248,8.5778,8.8188,8.4661,105536072.0,11493392.0,9.5949,7.8547
2012-06-07,8.6601,8.4661,8.7424,8.4543,87677693.0,9604294.0,9.4362,7.7194
2012-06-08,8.566,8.3544,8.619,8.3485,79584053.0,8835414.0,9.3127,7.6195
2012-06-11,8.3309,8.6366,8.6542,8.2603,69210369.0,7682131.0,9.1892,7.5195
2012-06-12,8.5543,8.5014,8.6542,8.4543,44423235.0,4894088.0,9.5008,7.7723
2012-06-13,8.519,8.6425,8.6601,8.3897,74169243.0,8153941.0,9.3539,7.6489
2012-06-14,8.6307,8.4132,8.6719,8.4073,80317679.0,8837058.0,9.5067,7.7782
2012-06-15,8.4249,8.3661,8.4896,8.278,42069404.0,4722354.0,9.2539,7.5724
2012-06-18,8.4837,8.5837,8.6425,8.4073,67035082.0,7350107.0,9.201,7.5313
2012-06-19,8.5602,8.4543,8.5896,8.4249,39085758.0,4339851.0,9.442,7.7253
2012-06-20,8.519,8.3309,8.5778,8.2662,53644796.0,6032046.0,9.3009,7.6077
2012-06-21,8.2897,8.131,8.2897,8.0487,61354176.0,7112594.0,9.1657,7.496
2012-06-25,8.1133,7.5254,8.1133,7.4666,93255986.0,11352290.0,8.9423,7.3196
2012-06-26,7.5372,7.4078,7.5431,7.3373,121405991.0,15448901.0,8.278,6.7729
2012-06-27,7.4078,7.2726,7.4666,7.255,65431266.0,8345722.0,8.1486,6.667
2012-06-28,7.2785,7.255,7.4078,7.2197,42844819.0,5510107.0,8.0016,6.5436
2012-06-29,7.1668,7.3608,7.3667,7.008,46976168.0,6122685.0,7.9781,6.5318
2012-07-02,7.4255,7.3667,7.5019,7.3314,36552332.0,4660621.0,8.0957,6.6259
2012-07-03,7.3667,7.2667,7.4549,7.2197,44028198.0,5641029.0,8.1016,6.6318
2012-07-04,7.2785,7.1374,7.349,7.061,39706243.0,5225419.0,7.9958,6.5377
2012-07-05,7.108,6.8199,7.108,6.7788,50473175.0,6905965.0,7.8488,6.426
2012-07-06,6.9316,7.008,7.0257,6.7788,42296488.0,5741544.0,7.5019,6.1379
2012-07-09,6.9375,6.5789,6.9375,6.5318,57102883.0,8003939.0,7.7077,6.3084
2012-07-10,6.4672,6.573,6.6141,6.4319,28058005.0,4045602.0,7.2373,5.9204
2012-07-11,6.5789,6.8728,7.0022,6.4613,63394758.0,8727699.0,7.2315,5.9145
2012-07-12,6.8081,6.8552,6.9316,6.6318,52523536.0,7273597.0,7.5607,6.185
2012-07-13,6.7317,6.961,7.0904,6.7317,72092602.0,9704558.0,7.5431,6.1673
2012-07-16,6.9375,6.7435,7.0316,6.7317,37903016.0,5213421.0,7.6548,6.2673
2012-07-17,6.72,6.9493,6.9963,6.6729,33792535.0,4624125.0,7.4196,6.0674
2012-07-18,6.9669,6.9845,7.008,6.7729,33285930.0,4533853.0,7.643,6.2555
2012-07-19,6.9845,7.1197,7.2432,6.9669,56711722.0,7457854.0,7.6842,6.2849
2012-07-20,7.1256,7.0257,7.1256,6.9963,33684041.0,4497042.0,7.8311,6.4084
2012-07-23,6.9669,6.8199,6.9904,6.7435,59811831.0,8258939.0,7.7312,6.3202
2012-07-24,6.7964,6.9022,6.9257,6.7317,32097824.0,4397454.0,7.5019,6.1379
2012-07-25,6.8552,6.767,6.8787,6.7611,20201673.0,2786042.0,7.5901,6.2143
2012-07-26,6.8199,6.5495,6.8787,6.5259,34586571.0,4810277.0,7.4431,6.0909
2012-07-27,6.6141,6.5789,6.6612,6.5377,19308276.0,2760229.0,7.2021,5.8969
2012-07-30,6.5906,6.473,6.7729,6.4084,30194170.0,4313475.0,7.2373,5.9204
2012-07-31,6.5142,6.3202,6.5318,6.1732,23579110.0,3510082.0,7.1197,5.8263
2012-08-01,6.3319,6.7023,6.8963,6.3319,78062548.0,10982464.0,6.9551,5.6911
2012-08-02,6.5847,6.6847,6.8199,6.5847,51408083.0,7183574.0,7.3726,6.0321
2012-08-03,6.6847,6.8963,7.008,6.6494,57604641.0,7890579.0,7.3549,6.0145
2012-08-06,6.8611,7.3961,7.5548,6.8317,98963313.0,12913709.0,7.5842,6.2085
2012-08-07,7.4549,7.2432,7.4549,7.0786,71887241.0,9352986.0,8.1369,6.6553
2012-08-08,7.1785,7.1727,7.3255,7.1139,34998281.0,4563798.0,7.9664,6.5201
2012-08-09,7.1844,7.2256,7.2902,7.061,41404539.0,5410773.0,7.8899,6.4554
2012-08-10,7.155,7.0727,7.2197,7.0139,32105247.0,4260483.0,7.9487,6.5024
2012-08-13,7.0551,6.573,7.0551,6.5671,98107266.0,13771024.0,7.7782,6.3672
2012-08-14,6.6259,6.6083,6.6729,6.4319,60680351.0,8736326.0,7.2315,5.9145
2012-08-15,6.5965,6.5318,6.6435,6.4965,34355106.0,4928915.0,7.2667,5.9498
2012-08-16,6.5142,6.573,6.6435,6.4848,30737274.0,4396286.0,7.1844,5.8792
2012-08-17,6.5377,6.6259,6.6318,6.4436,30201941.0,4355563.0,7.2315,5.9145
2012-08-20,6.5495,6.5553,6.5847,6.4613,22733410.0,3285032.0,7.2902,5.9615
2012-08-21,6.5789,6.6788,6.7082,6.5259,56766982.0,8032187.0,7.2138,5.9027
2012-08-22,6.6494,6.5553,6.667,6.5259,20810421.0,2973763.0,7.349,6.0086
2012-08-23,6.5553,6.5789,6.6318,6.5142,25905070.0,3712278.0,7.2138,5.9027
2012-08-24,6.5553,6.3143,6.5553,6.3143,33999361.0,4989762.0,7.2373,5.9204
2012-08-27,6.3025,6.0027,6.3025,5.9968,37741548.0,5813762.0,6.9434,5.6852
2012-08-28,6.0027,6.0262,6.0732,5.8675,28769844.0,4530376.0,6.6024,5.403
2012-08-29,6.0145,5.8851,6.0145,5.8322,22573732.0,3596326.0,6.6318,5.4265
2012-08-30,5.8675,5.7969,5.9204,5.6735,25177191.0,4079125.0,6.473,5.2972
2012-08-31,5.7616,5.8557,5.8792,5.7322,16151539.0,2603152.0,6.379,5.2149
2012-09-03,5.8146,5.9968,6.0438,5.7616,26366528.0,4150254.0,6.4436,5.2678
2012-09-04,6.0262,5.8675,6.0674,5.8498,18529962.0,2939075.0,6.5965,5.3971
2012-09-05,5.8204,5.8146,5.9086,5.7734,14562645.0,2346685.0,6.4554,5.2795
2012-09-06,5.8675,5.9321,5.9733,5.8675,18748007.0,2980398.0,6.3966,5.2325
2012-09-07,6.1614,6.5259,6.5259,6.1614,161046787.0,23452131.0,6.5259,5.3383
2012-09-10,6.7964,6.8258,7.1433,6.6788,248938685.0,34043798.0,7.1785,5.8734
2012-09-11,6.6729,6.5965,6.6729,6.5259,86514481.0,12365930.0,7.5078,6.1438
2012-09-12,6.6788,6.767,6.8081,6.5377,79956024.0,11241301.0,7.255,5.938
2012-09-13,6.7376,6.5377,6.7376,6.5318,63728657.0,9065646.0,7.4431,6.0909
2012-09-14,6.62,6.6906,6.961,6.4789,118336677.0,16601138.0,7.1903,5.8851
2012-09-17,6.5906,6.3907,6.6435,6.3848,53485818.0,7696427.0,7.3608,6.0203
2012-09-18,6.3966,6.2202,6.4965,6.1732,52491414.0,7801355.0,7.0316,5.7499
2012-09-19,6.2908,6.3437,6.3613,6.1614,38991684.0,5866144.0,6.8434,5.597
2012-09-20,6.4319,6.2143,6.4436,6.2026,62254509.0,9219632.0,6.9786,5.7087
2012-09-21,6.2261,6.1673,6.2849,6.0556,38950635.0,5925638.0,6.8375,5.5911
2012-09-24,6.1614,6.4084,6.5259,6.0262,87840280.0,12966794.0,6.7846,5.55
2012-09-25,6.4084,6.4789,6.6553,6.3496,72111132.0,10398238.0,7.0492,5.7675
2012-09-26,6.4142,6.426,6.5259,6.3496,35956709.0,5248550.0,7.1256,5.8322
2012-09-27,6.3672,6.7376,6.7964,6.3672,95011098.0,13396290.0,7.0668,5.7852
2012-09-28,6.7023,6.961,7.1021,6.6553,113105963.0,15320005.0,7.4137,6.0615
2012-10-08,7.008,6.7788,7.0551,6.7023,48722694.0,6657450.0,7.6548,6.2673
2012-10-09,6.7788,7.0845,7.108,6.7788,77347008.0,10381226.0,7.4549,6.1026
2012-10-10,6.9904,7.0374,7.1021,6.9434,48970330.0,6569851.0,7.7959,6.379
2012-10-11,7.0374,6.9493,7.349,6.9375,70033636.0,9226826.0,7.7429,6.3319
2012-10-12,6.8905,6.8728,7.0433,6.7846,31583746.0,4319658.0,7.643,6.2555
2012-10-15,6.9375,6.8787,6.9551,6.7376,18125881.0,2490074.0,7.5607,6.185
2012-10-16,6.8905,7.0139,7.0551,6.8317,40806943.0,5500461.0,7.5666,6.1908
2012-10-17,7.0433,7.061,7.0904,6.8846,38908211.0,5213314.0,7.7136,6.3143
2012-10-18,7.0904,7.349,7.3608,7.0668,92280923.0,11931896.0,7.7665,6.3554
2012-10-19,7.3373,7.596,7.79,7.2844,133475182.0,16488405.0,8.0839,6.6141
2012-10-22,7.5078,7.69,7.7018,7.4843,80833733.0,9967659.0,8.3544,6.8375
2012-10-23,7.6077,7.3608,7.6959,7.349,64299068.0,8033923.0,8.4602,6.9199
2012-10-24,7.3314,7.4607,7.7018,7.2902,75268255.0,9452571.0,8.0957,6.6259
2012-10-25,7.4666,7.3138,7.6724,7.2079,68304416.0,8630643.0,8.2074,6.7141
2012-10-26,7.1962,6.9022,7.3432,6.8728,73338484.0,9852792.0,8.0428,6.5847
2012-10-29,6.8199,7.0786,7.1374,6.7905,42300340.0,5652466.0,7.5901,6.2143
2012-10-30,7.1668,7.3138,7.3314,7.0374,49306698.0,6404651.0,7.7841,6.3731
2012-10-31,7.3314,7.302,7.3961,7.1785,39373183.0,5080693.0,8.0428,6.5847
2012-11-01,7.3079,7.69,7.7018,7.2491,109536199.0,13595114.0,8.031,6.573
2012-11-02,7.6783,7.596,7.69,7.5489,69922992.0,8640630.0,8.4602,6.9199
2012-11-05,7.5372,7.6195,7.69,7.4843,54710129.0,6796133.0,8.3544,6.8375
2012-11-06,7.5195,7.4549,7.5548,7.3196,47560202.0,6040141.0,8.3838,6.8552
2012-11-07,7.4549,7.2021,7.5431,7.1727,66985690.0,8645669.0,8.2015,6.7082
2012-11-08,7.1727,6.961,7.1903,6.9199,44028917.0,5883822.0,7.9252,6.4848
2012-11-09,6.9669,7.0551,7.1256,6.8493,29183602.0,3918197.0,7.6548,6.2673
2012-11-12,7.0551,6.8199,7.1609,6.7964,73971890.0,10144675.0,7.7606,6.3496
2012-11-13,6.8258,6.7435,6.9081,6.6847,57651437.0,8003216.0,7.5019,6.1379
2012-11-14,6.6024,6.4025,6.6435,6.185,116986489.0,17249422.0,7.4196,6.0674
2012-11-15,6.3437,6.4436,6.6318,6.2437,64756412.0,9392094.0,7.0433,5.7616
2012-11-16,6.3613,6.379,6.4848,6.3261,40594641.0,5988053.0,7.0904,5.7969
2012-11-19,6.379,6.5024,6.5847,6.2849,54446714.0,7942158.0,7.0198,5.744
2012-11-20,6.5377,6.667,6.8081,6.5377,76681222.0,10765136.0,7.155,5.8498
2012-11-21,6.7023,6.7788,6.8023,6.5847,40605050.0,5680898.0,7.3314,6.0027
2012-11-22,6.7376,6.6141,6.7494,6.6024,20103604.0,2839651.0,7.4549,6.1026
2012-11-23,6.6377,6.7141,6.767,6.6259,35975710.0,5053771.0,7.2785,5.9557
2012-11-26,6.7494,6.6435,6.7494,6.6024,16421534.0,2318504.0,7.3843,6.0438
2012-11-27,6.6318,6.5201,6.6788,6.4848,27793587.0,3983744.0,7.3079,5.9792
2012-11-28,6.4965,6.573,6.6083,6.3672,31267548.0,4492829.0,7.1727,5.8675
2012-11-29,6.4789,6.5318,6.7494,6.4378,25767151.0,3648674.0,7.2315,5.9145
2012-11-30,6.5965,6.8199,6.9551,6.5965,80637007.0,11143842.0,7.1844,5.8792
2012-12-03,6.8493,6.9375,7.108,6.7788,114760963.0,15446386.0,7.5019,6.1379
2012-12-04,6.8199,7.108,7.1256,6.7964,88784794.0,11854414.0,7.6312,6.2437
2012-12-05,7.155,7.6842,7.7606,6.9963,178688902.0,22312389.0,7.8194,6.3966
2012-12-06,7.643,7.7782,7.8958,7.5431,158075591.0,19293504.0,8.4543,6.914
2012-12-07,7.7312,8.2368,8.4602,7.7312,280235491.0,31998499.0,8.5543,7.0022
2012-12-10,8.1427,8.2133,8.4308,7.9958,157182394.0,17938645.0,9.0599,7.4137
2012-12-11,8.1604,8.131,8.3779,8.0839,108953306.0,12437685.0,9.0364,7.3902
2012-12-12,8.0898,8.1663,8.2309,7.9487,95000728.0,11052165.0,8.9423,7.3196
2012-12-13,8.1369,7.9899,8.3191,7.9487,134761768.0,15584416.0,8.9835,7.349
2012-12-14,7.937,8.4661,8.5719,7.9252,292700461.0,33255690.0,8.7894,7.1903
2012-12-17,8.4955,8.2192,8.8071,8.1604,333720181.0,37303701.0,9.3127,7.6195
2012-12-18,8.1133,8.1898,8.4602,7.9722,188883231.0,21539992.0,9.0423,7.3961
2012-12-19,8.0839,8.1898,8.3132,8.0075,116111012.0,13412626.0,9.007,7.3726
2012-12-20,8.1898,8.2956,8.372,8.031,102904980.0,11732642.0,9.007,7.3726
2012-12-21,8.2486,8.3485,8.4837,8.2486,122594347.0,13750341.0,9.1246,7.4666
2012-12-24,8.3191,8.8659,8.9541,8.2309,177847595.0,19414542.0,9.1834,7.5137
2012-12-25,8.813,8.8247,9.0187,8.5131,155075162.0,16590768.0,9.7536,7.9781
2012-12-26,8.7659,8.7894,9.0717,8.7013,129580720.0,13697426.0,9.7066,7.9428
2012-12-27,8.713,8.6601,8.9188,8.6248,134233508.0,14412248.0,9.6713,7.9134
2012-12-28,8.5896,8.6719,8.7307,8.5543,82168358.0,8946019.0,9.5244,7.7959
2012-12-31,8.713,8.9188,8.9364,8.5837,121749941.0,13012288.0,9.542,7.8076
2013-01-04,8.9188,8.6719,8.9835,8.5719,95378434.0,10244258.0,9.8124,8.0251
2013-01-07,8.6542,8.8718,9.0775,8.5719,119445191.0,12571688.0,9.542,7.8076
2013-01-08,8.8776,8.8894,9.0423,8.6954,92752883.0,9891293.0,9.7595,7.984
2013-01-09,8.7953,8.7953,8.9364,8.7189,61746118.0,6579498.0,9.7772,8.0016
2013-01-10,8.8012,8.8012,8.9129,8.7365,56306365.0,5990379.0,9.6772,7.9134
2013-01-11,8.7777,8.3191,8.7836,8.278,139550995.0,15523384.0,9.6831,7.9193
2013-01-14,8.278,8.5249,8.5719,8.0545,176270701.0,19844611.0,9.154,7.4901
2013-01-15,8.519,8.6483,8.7424,8.3485,156327319.0,17256386.0,9.3774,7.6724
2013-01-16,8.5954,8.5719,8.8071,8.4132,116021180.0,12674227.0,9.5126,7.7841
2013-01-17,8.4837,8.4896,8.666,8.4367,58993927.0,6504765.0,9.4303,7.7136
2013-01-18,8.4955,8.5719,8.6895,8.4779,52841702.0,5807309.0,9.3362,7.643
2013-01-21,8.6131,9.0246,9.0305,8.5249,180188941.0,19124907.0,9.4303,7.7136
2013-01-22,9.0364,9.4244,9.6361,9.0364,254209770.0,25413637.0,9.93,8.1251
2013-01-23,9.4068,9.4009,9.5831,9.1598,124217328.0,12498763.0,10.3651,8.4837
2013-01-24,9.3186,8.9599,9.7595,8.9364,217970743.0,21850883.0,10.3416,8.4602
2013-01-25,8.9482,9.4479,9.542,8.8776,167934533.0,17109978.0,9.8536,8.0663
2013-01-28,9.4538,10.2357,10.3592,9.4538,294683746.0,27726576.0,10.3945,8.5014
2013-01-29,10.224,10.371,10.4121,10.0652,194189694.0,17765536.0,11.2587,9.2128
2013-01-30,10.3474,10.2299,10.4944,10.1064,144277784.0,13228370.0,11.4057,9.3362
2013-01-31,10.1711,10.0829,10.2651,9.8418,115094780.0,10789035.0,11.2528,9.2069
2013-02-01,10.0241,10.465,10.5238,9.9535,287055334.0,26246605.0,11.0941,9.0717
2013-02-04,10.5238,10.2357,10.8531,10.224,233269232.0,20821280.0,11.5115,9.4185
2013-02-05,10.1652,10.371,10.465,10.0594,111867520.0,10217530.0,11.2587,9.2128
2013-02-06,10.3945,10.2887,10.465,10.2299,67256892.0,6122952.0,11.4057,9.3362
2013-02-07,10.1887,9.9359,10.318,9.8477,116235608.0,10910030.0,11.3175,9.2598
2013-02-08,9.9947,10.3474,10.3592,9.9947,98509693.0,9088779.0,10.9295,8.9423
2013-02-18,10.4592,10.3122,10.7531,10.271,133959302.0,11963909.0,11.3822,9.3127
2013-02-19,10.3122,9.5655,10.3474,9.3774,282397021.0,27550728.0,11.341,9.2833
2013-02-20,9.5126,9.5126,9.5244,9.1246,213062918.0,21539459.0,10.5238,8.6072
2013-02-21,9.2892,8.9423,9.2892,8.8541,209063851.0,21727430.0,10.465,8.5602
2013-02-22,8.9658,8.7894,9.0423,8.7248,172102014.0,18273405.0,9.836,8.0487
2013-02-25,8.8188,8.9717,9.0481,8.7894,114262963.0,12015144.0,9.6713,7.9134
2013-02-26,8.8776,8.7836,9.0423,8.7307,101084352.0,10694726.0,9.8712,8.0722
2013-02-27,8.8012,8.8894,9.0246,8.7013,109007411.0,11576115.0,9.6596,7.9076
2013-02-28,8.9012,9.4126,9.4362,8.9012,281321923.0,28683792.0,9.7772,8.0016
2013-03-01,9.4362,9.5655,9.7536,9.2304,228114595.0,22634501.0,10.3533,8.472
2013-03-04,8.6072,8.6072,8.9658,8.6072,310643753.0,33737334.0,10.5238,8.6072
2013-03-05,8.2486,8.6425,8.7307,8.1839,196065386.0,21802750.0,9.4656,7.7488
2013-03-06,8.6542,8.6307,8.8188,8.5543,154681082.0,16794531.0,9.5067,7.7782
2013-03-07,8.5837,8.6777,8.8188,8.3955,161070214.0,17541797.0,9.495,7.7665
2013-03-08,8.6425,8.5484,8.6954,8.5072,69915539.0,7651845.0,9.5479,7.8076
2013-03-11,8.472,8.372,8.5719,8.3426,120556185.0,13472707.0,9.4009,7.6959
2013-03-12,8.4132,8.3838,8.6248,8.2192,132743865.0,14830918.0,9.2069,7.5372
2013-03-13,8.372,8.1192,8.3838,8.0428,71803032.0,8271197.0,9.2245,7.5431
2013-03-14,8.1016,8.1427,8.2603,7.9958,67439349.0,7803182.0,8.9306,7.3079
2013-03-15,8.1545,8.0075,8.1545,7.7077,231264473.0,27461096.0,8.9599,7.3314
2013-03-18,7.9252,7.5137,7.9722,7.4666,138629991.0,16923306.0,8.8071,7.2079
2013-03-19,7.496,7.8488,7.8605,7.496,167624678.0,20364386.0,8.2662,6.7611
2013-03-20,7.8605,8.1721,8.1839,7.8605,165039859.0,19223187.0,8.6366,7.0668
2013-03-21,8.1839,8.1545,8.2956,8.0545,99976337.0,11510210.0,8.9893,7.3549
2013-03-22,8.1721,8.3015,8.3661,8.1604,110899028.0,12564446.0,8.9717,7.3373
2013-03-25,8.2721,8.2133,8.372,8.0957,77290851.0,8866989.0,9.1304,7.4725
2013-03-26,8.1604,8.1369,8.3191,8.0781,80217457.0,9232893.0,9.0364,7.3902
2013-03-27,8.1369,8.0134,8.2015,7.8782,96765203.0,11298658.0,8.9482,7.3255
2013-03-28,7.9487,7.6783,7.9899,7.6371,95306425.0,11493421.0,8.813,7.2138
2013-03-29,7.7312,7.8135,7.9017,7.7253,73050355.0,8797630.0,8.4485,6.9081
2013-04-01,7.8076,8.0134,8.0369,7.7841,106536528.0,12581350.0,8.5954,7.0316
2013-04-02,8.0134,8.6248,8.6425,8.0134,306866355.0,34001573.0,8.813,7.2138
2013-04-03,8.6248,8.6719,8.7071,8.3955,211096965.0,23149195.0,9.4891,7.7606
2013-04-08,8.5249,8.8306,8.86,8.4073,229418046.0,24676629.0,9.542,7.8076
2013-04-09,8.7777,8.8012,9.2304,8.7777,252875998.0,26499773.0,9.7125,7.9487
2013-04-10,8.7659,8.7424,8.9306,8.5249,176712513.0,19009829.0,9.6831,7.9193
2013-04-11,8.8776,9.0952,9.1363,8.86,250194392.0,26215306.0,9.6184,7.8664
2013-04-12,9.0775,9.0187,9.1598,8.9423,141130398.0,14666867.0,10.0065,8.1839
2013-04-15,8.907,9.0834,9.395,8.8659,166679564.0,17139310.0,9.9183,8.1192
2013-04-16,9.0187,9.2657,9.3891,8.9776,191994172.0,19469181.0,9.9947,8.178
2013-04-17,9.2304,9.2951,9.348,8.9717,152754635.0,15626490.0,10.1946,8.3367
2013-04-18,9.2774,9.154,9.3009,9.054,114494769.0,11769326.0,10.224,8.3661
2013-04-19,9.1775,9.3715,9.442,9.0893,198241128.0,20109701.0,10.0711,8.2368
2013-04-22,9.9065,9.4538,10.0535,9.3774,486260970.0,47386736.0,10.3063,8.4367
2013-04-23,9.348,8.7718,9.348,8.7013,267403270.0,28163888.0,10.4004,8.5072
2013-04-24,8.5425,8.7894,8.8188,8.5425,152288472.0,16490542.0,9.6478,7.8958
2013-04-25,8.7483,8.2956,8.7483,8.2721,196478193.0,22042795.0,9.6713,7.9134
2013-04-26,8.2603,8.2427,8.4367,8.225,95038033.0,10748406.0,9.1246,7.4666
2013-05-02,8.1133,8.1486,8.2309,8.0545,90530027.0,10461757.0,9.0658,7.4196
2013-05-03,8.2309,8.3132,8.4661,8.2015,135709257.0,15284349.0,8.9658,7.3314
2013-05-06,8.3544,8.3955,8.4191,8.2486,117662785.0,13256368.0,9.1422,7.4843
2013-05-07,8.3485,8.519,8.5602,8.278,152948437.0,17076738.0,9.2363,7.5548
2013-05-08,8.5249,8.3955,8.619,8.3191,146026164.0,16304622.0,9.3715,7.6665
2013-05-09,8.4073,7.9781,8.4073,7.8311,228795764.0,26717827.0,9.2363,7.5548
2013-05-10,7.9781,8.0663,8.0839,7.8899,91300333.0,10710522.0,8.7777,7.1785
2013-05-13,8.0957,8.0957,8.1604,8.0428,66113680.0,7680963.0,8.8718,7.2608
2013-05-14,8.1251,7.9487,8.1839,7.8488,85528332.0,10144363.0,8.907,7.2844
2013-05-15,7.9899,7.9134,8.0016,7.8076,70049666.0,8372602.0,8.7424,7.155
2013-05-16,7.8782,8.1898,8.1956,7.7547,167645005.0,19718363.0,8.7071,7.1197
2013-05-17,8.1721,8.3544,8.4073,8.131,225318620.0,25522461.0,9.007,7.3726
2013-05-20,8.4191,8.2897,8.4191,8.2192,141848285.0,16070670.0,9.1892,7.5195
2013-05-21,8.3015,8.2956,8.4249,8.2427,141135175.0,15987062.0,9.1187,7.4607
2013-05-22,8.2956,8.5249,8.6777,8.1721,262859559.0,29151226.0,9.1246,7.4666
2013-05-23,8.4426,8.2368,8.4896,8.2015,146803161.0,16535606.0,9.3774,7.6724
2013-05-24,8.2192,8.178,8.2897,8.0193,151405915.0,17490406.0,9.0599,7.4137
2013-05-27,8.1369,8.0781,8.1663,8.0428,89286300.0,10388638.0,8.9952,7.3608
2013-05-28,8.0428,8.3955,8.4308,8.0428,185541986.0,21100123.0,8.8835,7.2726
2013-05-29,8.4073,8.3544,8.5249,8.2603,166215851.0,18635122.0,9.2363,7.5548
2013-05-30,8.278,8.1898,8.2897,8.1133,98224089.0,11273157.0,9.1892,7.5195
2013-05-31,8.1956,8.178,8.278,8.1721,65083372.0,7458691.0,9.007,7.3726
2013-06-03,8.1133,8.3074,8.4073,8.1133,115933222.0,13120595.0,8.9952,7.3608
2013-06-04,8.3132,8.1545,8.3426,8.1133,73024558.0,8367896.0,9.1363,7.4784
2013-06-05,8.1369,8.2015,8.2544,8.0604,58191640.0,6706621.0,8.9717,7.3373
2013-06-06,8.2134,7.9395,8.2551,7.862,58268032.0,6862154.0,9.0235,7.3796
2013-06-07,7.9514,7.7786,8.0288,7.7429,73304946.0,8886518.0,8.7316,7.1473
2013-06-13,7.7429,7.2724,7.7429,7.2188,64742969.0,8418696.0,8.5589,6.9984
2013-06-14,7.2902,7.3141,7.4451,7.2485,55068783.0,7165342.0,7.999,6.5457
2013-06-17,7.3438,7.1116,7.3736,7.1056,64047099.0,8508288.0,8.0467,6.5815
2013-06-18,7.1116,7.1116,7.2009,7.0639,41318791.0,5531704.0,7.8203,6.4028
2013-06-19,6.9984,7.052,7.0877,6.778,66300209.0,9154950.0,7.8203,6.4028
2013-06-20,6.9686,6.8078,7.0699,6.7899,53409896.0,7385584.0,7.7548,6.3492
2013-06-21,6.6351,6.7959,6.8614,6.5279,46709943.0,6653752.0,7.4868,6.1288
2013-06-24,6.8018,6.1526,6.8018,6.1169,61443266.0,9227413.0,7.4749,6.1169
2013-06-25,6.0752,5.9561,6.1645,5.6047,85255265.0,13848726.0,6.7661,5.5392
2013-06-26,5.9859,5.9739,6.1169,5.837,74955696.0,12009915.0,6.5517,5.3605
2013-06-27,6.1407,6.1645,6.4087,6.0454,113285406.0,17325422.0,6.5696,5.3783
2013-06-28,6.0931,6.3015,6.3432,5.9561,95937368.0,14632350.0,6.784,5.5511
2013-07-01,6.2539,6.2598,6.3611,6.1645,54174222.0,8253867.0,6.9329,5.6702
2013-07-02,6.2718,6.2062,6.3194,6.0633,49571140.0,7659950.0,6.8852,5.6345
2013-07-03,6.105,5.9561,6.1943,5.8429,77062693.0,12322168.0,6.8257,5.5868
2013-07-04,5.8786,6.105,6.1824,5.8548,79947307.0,12503080.0,6.5517,5.3605
2013-07-05,6.1169,6.1884,6.4087,6.105,87121684.0,13242792.0,6.7185,5.4975
2013-07-08,6.099,5.9501,6.099,5.8965,58181165.0,9281314.0,6.8078,5.5689
2013-07-09,6.0276,6.0276,6.1526,5.9561,45992172.0,7253741.0,6.5457,5.3545
2013-07-10,6.0335,6.3254,6.373,5.9859,85508959.0,13176672.0,6.6291,5.426
2013-07-11,6.3432,6.8018,6.8674,6.3134,181406260.0,25924533.0,6.9567,5.694
2013-07-12,6.7423,6.5696,6.784,6.5636,107425174.0,15372499.0,7.4808,6.1228
2013-07-15,6.6887,6.7185,6.7482,6.4623,78660105.0,11279379.0,7.2247,5.9144
2013-07-16,6.7482,6.6768,6.7482,6.5696,60131447.0,8640485.0,7.3915,6.0454
2013-07-17,6.6708,6.9448,7.0699,6.6708,198464866.0,27315222.0,7.3438,6.0097
2013-07-18,7.0401,6.9388,7.0401,6.7423,185688235.0,25562365.0,7.6416,6.2479
2013-07-19,6.9686,6.5576,6.9805,6.5517,91933384.0,13003611.0,7.6357,6.2479
2013-07-22,6.5517,6.51,6.647,6.2539,79919526.0,11823290.0,7.2128,5.9025
2013-07-23,6.4385,6.6887,6.7661,6.4207,131256930.0,18865699.0,7.1592,5.8608
2013-07-24,6.6232,6.5279,6.6649,6.4028,92617787.0,13522077.0,7.3558,6.0216
2013-07-25,6.5874,6.6946,6.8495,6.5636,157343555.0,22289242.0,7.183,5.8727
2013-07-26,6.6708,6.8793,7.0282,6.5636,158299531.0,21895086.0,7.3617,6.0276
2013-07-29,6.778,6.5398,6.784,6.4921,91950652.0,13329706.0,7.5702,6.1943
2013-07-30,6.5636,6.5696,6.6649,6.3968,53946685.0,7833960.0,7.1949,5.8846
2013-07-31,6.7185,6.6232,6.8614,6.5815,75051565.0,10617541.0,7.2247,5.9144
2013-08-01,6.7006,6.8852,6.8971,6.6827,112618992.0,15680854.0,7.2843,5.962
2013-08-02,6.9329,6.921,7.1533,6.9091,143631673.0,19493024.0,7.5761,6.1943
2013-08-05,6.9388,7.0818,7.1473,6.8257,83755105.0,11311163.0,7.6119,6.2301
2013-08-06,7.0758,7.189,7.2724,6.9627,84185222.0,11285552.0,7.7906,6.373
2013-08-07,7.2307,7.3736,7.4927,7.1771,151238981.0,19538035.0,7.9097,6.4683
2013-08-08,7.4332,7.2485,7.4511,7.2069,110601756.0,14309352.0,8.1122,6.6351
2013-08-09,7.3558,7.6,7.6119,7.0877,150991463.0,19451915.0,7.9752,6.5219
2013-08-12,7.6655,8.0228,8.0467,7.6655,264628488.0,31879608.0,8.3623,6.8376
2013-08-13,8.0705,7.999,8.547,7.9573,246708188.0,28569685.0,8.8269,7.2188
2013-08-14,7.999,8.0586,8.2075,7.8382,130655603.0,15428531.0,8.7971,7.2009
2013-08-15,7.9811,7.7846,8.1181,7.7608,96979504.0,11644264.0,8.8626,7.2545
2013-08-16,7.731,7.5821,7.9514,7.4808,108868221.0,13548795.0,8.5648,7.0043
2013-08-19,7.4391,8.1181,8.13,7.4391,129489045.0,15612363.0,8.3385,6.8257
2013-08-20,8.1241,8.1598,8.2849,7.9514,149079047.0,17417933.0,8.9282,7.3081
2013-08-21,8.0467,8.0884,8.1539,7.8025,121670031.0,14487837.0,8.9758,7.3438
2013-08-22,7.9692,7.8084,8.0884,7.7727,109918051.0,13254171.0,8.8984,7.2783
2013-08-23,7.862,7.6833,7.8978,7.5821,99915263.0,12345875.0,8.5887,7.0282
2013-08-26,7.7369,7.868,7.8799,7.6595,102104741.0,12464411.0,8.4517,6.915
2013-08-27,7.868,7.8144,7.9037,7.6833,93084545.0,11428038.0,8.6542,7.0818
2013-08-28,7.7369,7.5285,7.7369,7.4749,139434264.0,17566406.0,8.5946,7.0341
2013-08-29,7.5166,7.2783,7.6178,7.2307,161437303.0,20929552.0,8.2789,6.778
2013-08-30,7.2664,7.3796,7.5285,7.2366,114904846.0,14781891.0,8.005,6.5517
2013-09-02,7.4153,7.6119,7.731,7.2783,148511588.0,18825362.0,8.1181,6.641
2013-09-03,7.6178,7.7012,7.7667,7.5285,118500672.0,14681346.0,8.3742,6.8495
2013-09-04,7.7727,7.7786,7.9514,7.7012,125962604.0,15377696.0,8.4695,6.9329
2013-09-05,7.7786,7.6,7.7965,7.5821,73413674.0,9120790.0,8.5589,6.9984
2013-09-06,7.5642,7.5047,7.6595,7.4391,87561035.0,11114558.0,8.3623,6.8376
2013-09-09,7.5523,7.7489,7.8144,7.5523,112328919.0,13907222.0,8.2551,6.7542
2013-09-10,7.8203,7.8799,7.9395,7.731,150529011.0,18324131.0,8.5231,6.9746
2013-09-11,7.8918,8.13,8.2789,7.8501,264998808.0,31324808.0,8.6661,7.0937
2013-09-12,8.0943,8.0347,8.1122,7.8501,152968003.0,18290179.0,8.946,7.32
2013-09-13,8.005,7.9037,8.0109,7.7846,125227126.0,15154944.0,8.8388,7.2307
2013-09-16,7.9275,7.594,7.9395,7.5047,232135956.0,28853101.0,8.6959,7.1116
2013-09-17,7.6238,7.5523,7.6595,7.4451,110344583.0,13993030.0,8.3564,6.8376
2013-09-18,7.5047,7.5642,7.7727,7.4868,100871570.0,12630584.0,8.3087,6.7959
2013-09-23,7.5702,7.6714,7.7429,7.5106,99348886.0,12473541.0,8.3206,6.8078
2013-09-24,7.6178,7.5225,7.6416,7.5047,82588183.0,10414475.0,8.4398,6.9031
2013-09-25,7.5047,7.3558,7.5523,7.3319,84570727.0,10849522.0,8.273,6.7721
2013-09-26,7.4213,7.2843,7.4451,7.2605,63737426.0,8299694.0,8.0943,6.6232
2013-09-27,7.326,7.2783,7.3498,7.2307,47218027.0,6180322.0,8.0109,6.5576
2013-09-30,7.3022,7.3319,7.3438,7.2485,42496932.0,5545584.0,8.005,6.5517
2013-10-08,7.326,7.4808,7.4987,7.2962,70475698.0,9067630.0,8.0645,6.5993
2013-10-09,7.4451,7.4511,7.4749,7.3736,51314794.0,6587806.0,8.2313,6.7304
2013-10-10,7.4749,7.2664,7.5344,7.2366,89460928.0,11544998.0,8.1956,6.7065
2013-10-11,7.3141,7.3677,7.4272,7.3141,58076386.0,7508594.0,7.9931,6.5398
2013-10-14,7.4272,7.4987,7.5225,7.4153,77222208.0,9833765.0,8.1062,6.6291
2013-10-15,7.4749,7.4749,7.5642,7.3558,92813133.0,11882986.0,8.2492,6.7482
2013-10-16,7.4451,7.6178,7.8918,7.4153,226723804.0,28151170.0,8.2253,6.7304
2013-10-17,7.6774,7.5285,7.7846,7.4451,145738768.0,18165797.0,8.3802,6.8554
2013-10-18,7.5464,7.7429,7.7786,7.5285,142617746.0,17670509.0,8.2789,6.778
2013-10-21,7.7429,7.7608,7.7667,7.6119,151808940.0,18787482.0,8.5172,6.9686
2013-10-22,7.8025,7.8144,7.9633,7.7727,187102080.0,22619010.0,8.5351,6.9865
2013-10-23,7.9097,7.6297,7.9633,7.5344,128070900.0,15816630.0,8.5946,7.0341
2013-10-24,7.6297,7.3141,7.6833,7.2783,128639370.0,16491934.0,8.3921,6.8674
2013-10-25,7.3736,6.9805,7.3736,6.8912,145487583.0,19652685.0,8.0467,6.5815
2013-10-28,6.9924,6.8197,7.0222,6.7601,65264075.0,9085837.0,7.6774,6.2837
2013-10-29,6.8495,7.0222,7.0699,6.6827,104397324.0,14359608.0,7.5047,6.1407
2013-10-30,7.0103,7.052,7.0639,6.921,51062017.0,6945832.0,7.725,6.3194
2013-10-31,7.1473,7.2724,7.3855,7.1473,166900423.0,21757400.0,7.7548,6.3492
2013-11-01,7.1711,7.2188,7.2962,7.0282,54949941.0,7296266.0,7.999,6.5457
2013-11-04,7.2485,7.1949,7.2962,7.0937,48744396.0,6484694.0,7.9395,6.4981
2013-11-05,7.1473,7.1354,7.1592,6.9984,45620608.0,6135538.0,7.9156,6.4743
2013-11-06,7.2069,7.0401,7.2307,7.0043,66735466.0,8985240.0,7.8501,6.4207
2013-11-07,6.9746,6.921,7.0282,6.8674,33966345.0,4663165.0,7.7429,6.3373
2013-11-08,6.921,6.8495,6.9686,6.8376,23448124.0,3244845.0,7.6119,6.2301
2013-11-11,6.8197,6.9388,6.9805,6.7899,26734910.0,3688922.0,7.5344,6.1645
2013-11-12,6.9448,7.0699,7.1056,6.9388,39889394.0,5392325.0,7.6357,6.2479
2013-11-13,7.0877,6.9865,7.1175,6.9865,39887357.0,5382565.0,7.7786,6.3611
2013-11-14,6.9269,6.9984,7.0401,6.8614,46228089.0,6358187.0,7.6833,6.2896
2013-11-15,6.9984,7.1116,7.1711,6.9686,76490049.0,10270864.0,7.7012,6.3015
2013-11-18,7.1116,7.2783,7.2843,7.1116,133230321.0,17645896.0,7.8203,6.4028
2013-11-19,7.2724,7.2247,7.4213,7.2009,85034135.0,11096264.0,8.005,6.5517
2013-11-20,7.2247,7.2724,7.3022,7.1771,51905465.0,6829790.0,7.9454,6.504
2013-11-21,7.2664,7.189,7.2664,7.058,77432069.0,10309091.0,7.999,6.5457
2013-11-22,7.1413,7.0341,7.183,7.0103,66376015.0,8940934.0,7.9097,6.4683
2013-11-25,7.0043,7.0818,7.2069,6.9924,53986740.0,7234646.0,7.7369,6.3313
2013-11-26,7.046,7.0758,7.1294,7.046,32690763.0,4392946.0,7.7906,6.373
2013-11-27,7.058,7.1413,7.189,7.058,48215698.0,6444019.0,7.7846,6.367
2013-11-28,7.1413,7.4927,7.6774,7.0996,211196483.0,27040389.0,7.8561,6.4266
2013-11-29,7.4987,7.4272,7.5106,7.326,143856197.0,18462314.0,8.2432,6.7423
2013-12-02,7.2783,7.2783,7.6357,7.2188,213033697.0,27389352.0,8.1717,6.6827
2013-12-03,7.2545,7.6774,7.7131,7.2545,263842472.0,33190206.0,8.005,6.5517
2013-12-04,7.7369,8.0169,8.1896,7.725,389793403.0,46379277.0,8.4457,6.9091
2013-12-05,7.9514,7.9097,8.0526,7.8025,154612649.0,18622814.0,8.821,7.2128
2013-12-06,7.8918,7.9931,8.0109,7.8322,115535761.0,13915630.0,8.7018,7.1175
2013-12-09,8.0467,8.0526,8.2015,7.8858,167538457.0,19829229.0,8.7912,7.1949
2013-12-10,7.9931,7.9811,8.1062,7.8203,142435802.0,17080206.0,8.8567,7.2485
2013-12-11,7.8978,7.5344,7.8978,7.4034,237115906.0,29747742.0,8.7793,7.183
2013-12-12,7.5047,7.4808,7.5523,7.3855,122998668.0,15708363.0,8.2909,6.784
2013-12-13,7.4094,7.6476,7.6536,7.3677,130085612.0,16400576.0,8.2313,6.7304
2013-12-16,7.7072,7.3319,7.7072,7.2724,144273343.0,18492496.0,8.41,6.8852
2013-12-17,7.3319,7.2902,7.3974,7.2128,74445352.0,9695741.0,8.0645,6.5993
2013-12-18,7.326,7.3081,7.4094,7.2545,50426320.0,6546317.0,8.0169,6.5636
2013-12-19,7.3855,7.2724,7.4213,7.2664,47840514.0,6216395.0,8.0407,6.5755
2013-12-20,7.326,7.0996,7.3498,7.0639,60053776.0,7982643.0,7.999,6.5457
2013-12-23,7.0996,7.0341,7.1294,6.9865,33830726.0,4569485.0,7.8084,6.3909
2013-12-24,7.0877,7.0937,7.1771,7.0282,40451669.0,5440323.0,7.7369,6.3313
2013-12-25,7.1473,7.2307,7.2426,7.0937,39552262.0,5242824.0,7.8025,6.3849
2013-12-26,7.2069,7.0341,7.2069,7.0103,34813624.0,4683152.0,7.9514,6.51
2013-12-27,7.0758,7.2009,7.2605,7.0163,72259757.0,9625989.0,7.7369,6.3313
2013-12-30,7.2128,7.2069,7.2902,7.183,32542746.0,4286829.0,7.9216,6.4802
2013-12-31,7.1652,7.2307,7.3022,7.1056,36507836.0,4811499.0,7.9275,6.4862
2014-01-02,7.2307,7.1473,7.2485,7.1056,36809798.0,4900317.0,7.9514,6.51
2014-01-03,7.1473,6.8435,7.1473,6.7661,112292376.0,15575406.0,7.862,6.4326
2014-01-06,6.8257,6.373,6.8257,6.3492,122955914.0,18155832.0,7.5285,6.1586
2014-01-07,6.3015,6.3134,6.379,6.2539,60480609.0,9120146.0,7.0103,5.7357
2014-01-08,6.3492,6.3015,6.3909,6.2718,39181165.0,5904389.0,6.9448,5.6821
2014-01-09,6.3134,6.2658,6.4087,6.242,35425292.0,5324333.0,6.9329,5.6702
2014-01-10,6.2777,6.2777,6.3313,6.2301,29224452.0,4442251.0,6.8912,5.6404
2014-01-13,6.3134,6.105,6.3611,6.0573,48883003.0,7519442.0,6.9031,5.6523
2014-01-14,6.0752,6.2181,6.2241,6.0633,42605095.0,6603085.0,6.7185,5.4975
2014-01-15,6.2956,6.242,6.3492,6.1824,61730533.0,9411234.0,6.8376,5.5987
2014-01-16,6.2539,6.3194,6.3551,6.1645,91410504.0,13892962.0,6.8674,5.6166
2014-01-17,6.2718,6.1526,6.2837,6.1288,46753497.0,7195920.0,6.9507,5.6881
2014-01-20,6.1765,6.1645,6.2241,6.0812,33860237.0,5233797.0,6.7661,5.5392
2014-01-21,6.1586,6.4862,6.51,6.1586,86173297.0,12870614.0,6.784,5.5511
2014-01-22,6.7125,6.6172,6.7125,6.5576,111345199.0,15997282.0,7.1354,5.837
2014-01-23,6.6112,6.6887,6.7899,6.5874,70505609.0,10003472.0,7.2783,5.9561
2014-01-24,6.6887,6.6768,6.7721,6.5398,58777083.0,8374949.0,7.3558,6.0216
2014-01-27,6.6291,6.51,6.6768,6.4981,63070244.0,9151827.0,7.3438,6.0097
2014-01-28,6.504,6.5815,6.5993,6.4921,32743741.0,4755694.0,7.1592,5.8608
2014-01-29,6.5993,6.5696,6.6291,6.5576,30937376.0,4471778.0,7.2426,5.9263
2014-01-30,6.5576,6.4623,6.5696,6.4326,24065329.0,3535771.0,7.2247,5.9144
2014-02-07,6.4623,6.641,6.647,6.4028,44899207.0,6506208.0,7.1116,5.8191
2014-02-10,6.6946,6.8078,6.8138,6.6708,65304322.0,9227749.0,7.3081,5.9799
2014-02-11,6.8257,6.7899,6.8852,6.7482,63916916.0,8957445.0,7.4868,6.1288
2014-02-12,6.8197,6.8495,6.8733,6.7542,58635140.0,8193806.0,7.4689,6.1109
2014-02-13,6.8614,6.7661,6.8674,6.7542,68272565.0,9538675.0,7.5344,6.1645
2014-02-14,6.7482,6.7899,6.8018,6.7423,52434956.0,7378726.0,7.4451,6.0871
2014-02-17,6.8018,6.8316,6.8376,6.7363,71134934.0,9993394.0,7.4689,6.1109
2014-02-18,6.8316,6.6589,6.8316,6.641,67178992.0,9516914.0,7.5166,6.1467
2014-02-19,6.6887,6.7601,6.8078,6.6291,68833725.0,9769570.0,7.326,5.9918
2014-02-20,6.7423,6.6529,6.8078,6.6172,51313720.0,7298960.0,7.4391,6.0871
2014-02-21,6.6708,6.5338,6.6887,6.4743,58038007.0,8419565.0,7.32,5.9859
2014-02-24,6.4326,6.1467,6.4326,6.0931,119295701.0,18422254.0,7.189,5.8786
2014-02-25,6.1228,6.0276,6.1765,5.9739,54645148.0,8541043.0,6.7601,5.5332
2014-02-26,6.0276,6.099,6.099,5.9918,31023841.0,4885514.0,6.6291,5.426
2014-02-27,6.1228,6.0276,6.1288,6.0037,39573863.0,6221056.0,6.7065,5.4915
2014-02-28,6.0156,6.1169,6.1228,5.9799,39108126.0,6176131.0,6.6291,5.426
2014-03-03,6.0752,6.1169,6.1348,6.0573,42833646.0,6700046.0,6.7304,5.5034
2014-03-04,6.0871,6.0454,6.0871,5.9382,57757254.0,9166163.0,6.7304,5.5034
2014-03-05,6.0514,6.0752,6.1467,6.0037,46511401.0,7293821.0,6.6529,5.4439
2014-03-06,6.0752,6.2122,6.242,5.9799,74807847.0,11634755.0,6.6827,5.4677
2014-03-07,6.1943,6.105,6.2301,6.0752,50905255.0,7872498.0,6.8316,5.5928
2014-03-10,6.0395,5.8846,6.0395,5.8727,57021758.0,9141019.0,6.7185,5.4975
2014-03-11,5.9144,5.9799,6.0454,5.8965,35078966.0,5596699.0,6.4743,5.295
2014-03-12,5.968,6.0276,6.0395,5.9025,43514756.0,6915227.0,6.5755,5.3843
2014-03-13,6.0156,6.0752,6.0871,5.9739,43335189.0,6837549.0,6.6291,5.426
2014-03-14,6.0454,5.9739,6.0871,5.9323,50632953.0,8052666.0,6.6827,5.4677
2014-03-17,6.1109,6.1705,6.1824,6.0514,68882080.0,10719058.0,6.5696,5.3783
2014-03-18,6.1348,6.1348,6.1645,6.0812,50399074.0,7839846.0,6.7899,5.5511
2014-03-19,6.1228,6.1824,6.236,6.0037,69692635.0,10805299.0,6.7482,5.5213
2014-03-20,6.1526,6.0395,6.236,6.0395,47142332.0,7314374.0,6.8018,5.563
2014-03-21,5.9918,6.2896,6.3134,5.968,91912943.0,14125824.0,6.641,5.4379
2014-03-24,6.2777,6.3551,6.4087,6.2301,82409059.0,12409952.0,6.921,5.6583
2014-03-25,6.3432,6.3194,6.4385,6.2658,61073603.0,9162122.0,6.9924,5.7178
2014-03-26,6.2658,6.3194,6.379,6.2658,44186368.0,6657459.0,6.9507,5.6881
2014-03-27,6.3313,6.3075,6.4207,6.2837,61880390.0,9279411.0,6.9507,5.6881
2014-03-28,6.3194,6.4385,6.5517,6.3134,102583528.0,15177712.0,6.9388,5.6761
2014-03-31,6.5993,6.5815,6.6827,6.5279,121578187.0,17563822.0,7.0818,5.7953
2014-04-01,6.6112,6.7065,6.784,6.5338,93340782.0,13350210.0,7.2426,5.9263
2014-04-02,6.7244,6.9627,7.0043,6.7065,149163620.0,20585925.0,7.3796,6.0335
2014-04-03,7.046,6.9091,7.1413,6.9031,151738945.0,20591106.0,7.6595,6.2658
2014-04-04,6.8554,6.915,6.9924,6.8554,77793660.0,10708261.0,7.6,6.2181
2014-04-08,6.9329,7.2664,7.32,6.8971,184884454.0,24549691.0,7.6059,6.2241
2014-04-09,7.3022,7.326,7.4808,7.2426,140429920.0,18230082.0,7.9931,6.5398
2014-04-10,7.4034,7.6655,7.7786,7.2962,246726920.0,31056675.0,8.0586,6.5934
2014-04-11,7.6416,7.3974,7.6416,7.326,159791347.0,20375416.0,8.4338,6.8971
2014-04-14,7.3319,7.4272,7.4332,7.2247,119966399.0,15628085.0,8.136,6.6589
2014-04-15,7.463,7.2009,7.4868,7.1711,164553958.0,21458920.0,8.1717,6.6827
2014-04-16,7.1533,7.2188,7.2664,7.0996,95336788.0,12659027.0,7.9216,6.4802
2014-04-17,7.2069,7.1354,7.2307,7.0996,75232053.0,10021685.0,7.9395,6.4981
2014-04-18,7.1473,7.0699,7.1473,6.9984,65685349.0,8870275.0,7.8501,6.4207
2014-04-21,7.0043,6.9448,7.1473,6.9329,67763847.0,9199275.0,7.7786,6.3611
2014-04-22,6.9507,7.0758,7.0818,6.9329,63018434.0,8591763.0,7.6416,6.2479
2014-04-23,7.0639,7.1175,7.183,7.0341,64982802.0,8677646.0,7.7846,6.367
2014-04-24,7.1473,7.0401,7.183,7.0163,41981285.0,5636560.0,7.8322,6.4028
2014-04-25,7.0282,6.8554,7.0758,6.8376,58588328.0,8057246.0,7.7429,6.3373
2014-04-28,6.8197,6.6827,6.8793,6.6708,48431900.0,6805173.0,7.5404,6.1705
2014-04-29,6.7601,6.8257,6.8971,6.6887,74517055.0,10439675.0,7.3498,6.0156
2014-04-30,6.8257,6.9388,7.0163,6.8257,67230761.0,9232458.0,7.5106,6.1407
2014-05-05,7.0222,7.1533,7.2247,7.0222,91798322.0,12270603.0,7.6357,6.2479
2014-05-06,7.1533,7.0282,7.1533,6.9865,66135621.0,8952742.0,7.868,6.4385
2014-05-07,6.9805,6.8674,7.0341,6.8614,42451729.0,5815930.0,7.731,6.3254
2014-05-08,6.8078,6.8614,6.9865,6.7721,42192091.0,5850042.0,7.5523,6.1824
2014-05-09,6.8733,6.6768,6.8971,6.6708,50141065.0,7077646.0,7.5464,6.1765
2014-05-12,6.7721,6.8733,6.8793,6.7065,48343427.0,6760210.0,7.3438,6.0097
2014-05-13,6.8554,6.9448,6.9984,6.8554,52052626.0,7137085.0,7.5583,6.1884
2014-05-14,6.9448,6.9091,7.0282,6.9031,37568833.0,5142622.0,7.6416,6.2479
2014-05-15,6.8614,6.7304,6.8912,6.7065,43225894.0,6087358.0,7.6,6.2181
2014-05-16,6.7065,6.7721,6.8078,6.7006,23039598.0,3251733.0,7.4034,6.0573
2014-05-19,6.7721,6.7125,6.7721,6.647,22257356.0,3176066.0,7.4511,6.0931
2014-05-20,6.7363,6.6827,6.778,6.6291,27151015.0,3854862.0,7.3855,6.0395
2014-05-21,6.6529,6.7661,6.7899,6.6172,27055039.0,3842688.0,7.3498,6.0156
2014-05-22,6.7721,6.7065,6.8435,6.7006,25720122.0,3610056.0,7.4451,6.0871
2014-05-23,6.7363,6.7899,6.8018,6.6768,27747435.0,3919200.0,7.3796,6.0335
2014-05-26,6.8316,6.7899,6.8316,6.7542,23679621.0,3323928.0,7.4689,6.1109
2014-05-27,6.784,6.7423,6.8197,6.7423,22268694.0,3132550.0,7.4689,6.1109
2014-05-28,6.7423,6.8197,6.8257,6.6768,38542420.0,5443520.0,7.4153,6.0692
2014-05-29,6.8138,6.7185,6.8316,6.7065,25463849.0,3587186.0,7.5047,6.1407
2014-05-30,6.7125,6.7304,6.778,6.6946,18906019.0,2674486.0,7.3915,6.0454
2014-06-03,6.7363,6.778,6.8376,6.7363,30814579.0,4313230.0,7.4034,6.0573
2014-06-04,6.7482,6.5993,6.784,6.5338,44734286.0,6437264.0,7.457,6.099
2014-06-05,6.5576,6.6708,6.6708,6.5576,23697815.0,3410226.0,7.2605,5.9382
2014-06-06,6.6589,6.5338,6.6708,6.4921,36813929.0,5336192.0,7.3379,6.0037
2014-06-09,6.5398,6.6053,6.641,6.5338,36954324.0,5329382.0,7.189,5.8786
2014-06-10,6.6112,6.6768,6.6827,6.5874,39337171.0,5641715.0,7.2664,5.9442
2014-06-11,6.7065,6.6887,6.7125,6.647,24086830.0,3434403.0,7.3438,6.0097
2014-06-12,6.7899,6.7959,6.8733,6.7899,64551796.0,9009186.0,7.3558,6.0216
2014-06-13,6.7601,6.7959,6.8257,6.6827,45573989.0,6419146.0,7.4749,6.1169
2014-06-16,6.8495,6.9269,6.9329,6.8078,84111045.0,11668165.0,7.4749,6.1169
2014-06-17,6.9718,6.8166,6.9912,6.7875,33696523.0,4740405.0,7.6214,6.2348
2014-06-18,6.739,6.6615,6.739,6.613,42377678.0,6161081.0,7.4954,6.1379
2014-06-19,6.6712,6.4094,6.6809,6.3803,43151087.0,6424522.0,7.3305,5.9924
2014-06-20,6.4288,6.4869,6.4869,6.39,17059252.0,2572224.0,7.0493,5.7694
2014-06-23,6.4869,6.4966,6.5645,6.4675,18145091.0,2700935.0,7.1366,5.8373
2014-06-24,6.5451,6.4772,6.5451,6.4578,17403505.0,2603949.0,7.1463,5.847
2014-06-25,6.4869,6.4482,6.5257,6.4094,22677843.0,3403176.0,7.1269,5.8276
2014-06-26,6.4578,6.4772,6.4966,6.4288,24281298.0,3639031.0,7.0978,5.8082
2014-06-27,6.4578,6.4288,6.4772,6.3997,40392345.0,6091487.0,7.1269,5.8276
2014-06-30,6.4385,6.4675,6.5257,6.4288,31978582.0,4785790.0,7.0687,5.7888
2014-07-01,6.4869,6.5742,6.5839,6.4578,46132422.0,6846496.0,7.1172,5.8179
2014-07-02,6.5742,6.5451,6.5936,6.4869,31870002.0,4725172.0,7.2336,5.9148
2014-07-03,6.5936,6.6227,6.6615,6.516,47112985.0,6899335.0,7.2045,5.8955
2014-07-04,6.6227,6.6324,6.7197,6.6033,27176111.0,3963041.0,7.282,5.9633
2014-07-07,6.6227,6.6809,6.7294,6.5936,35498235.0,5162402.0,7.2917,5.973
2014-07-08,6.6809,6.6421,6.739,6.6033,41852520.0,6097281.0,7.3499,6.0118
2014-07-09,6.6615,6.4191,6.6615,6.3997,44309189.0,6567476.0,7.3111,5.9827
2014-07-10,6.4191,6.6421,6.6809,6.4191,67212241.0,9873910.0,7.059,5.7791
2014-07-11,6.6324,6.6227,6.6809,6.5645,36483610.0,5343837.0,7.3111,5.9827
2014-07-14,6.6227,6.7294,6.7972,6.5936,58681776.0,8471679.0,7.282,5.9633
2014-07-15,6.6906,6.71,6.7681,6.6421,50972862.0,7382015.0,7.3984,6.0603
2014-07-16,6.71,6.6421,6.7487,6.6324,35191937.0,5102072.0,7.379,6.0409
2014-07-17,6.6518,6.7003,6.7584,6.6033,39027710.0,5663166.0,7.3111,5.9827
2014-07-18,6.6906,6.8166,6.8263,6.6227,65221982.0,9342050.0,7.3693,6.0312
2014-07-21,6.7972,6.7003,6.8263,6.6421,50997637.0,7366100.0,7.4954,6.1379
2014-07-22,6.6809,6.7294,6.7778,6.6324,39106240.0,5641393.0,7.3693,6.0312
2014-07-23,6.71,6.8554,6.8942,6.6906,116000547.0,16496608.0,7.3984,6.0603
2014-07-24,6.8457,6.7875,6.9136,6.6906,128745545.0,18352223.0,7.5439,6.167
2014-07-25,6.8554,7.0493,7.1075,6.8554,179788251.0,24877853.0,7.4663,6.1088
2014-07-28,7.0396,7.1948,7.2045,7.0009,152554377.0,20752133.0,7.7572,6.3415
2014-07-29,7.1948,7.1269,7.2239,7.0881,111122188.0,15115783.0,7.9123,6.4772
2014-07-30,7.1075,7.0687,7.1851,7.0396,90233414.0,12317713.0,7.8444,6.4191
2014-07-31,7.0299,7.1075,7.1075,7.0202,69993206.0,9609376.0,7.7766,6.3609
2014-08-01,7.0784,7.0493,7.1754,7.0396,94552432.0,12935470.0,7.8154,6.3997
2014-08-04,7.1754,7.1851,7.2142,7.059,109216454.0,14822528.0,7.7572,6.3415
2014-08-05,7.2239,7.4663,7.6408,7.1269,246070109.0,31942902.0,7.9026,6.4675
2014-08-06,7.379,7.3693,7.4081,7.2433,144240707.0,19102662.0,8.2129,6.7197
2014-08-07,7.3693,7.1657,7.4081,7.156,103063428.0,13763867.0,8.1063,6.6324
2014-08-08,7.1754,7.1269,7.1948,7.0687,72345331.0,9853056.0,7.8832,6.4482
2014-08-11,7.1657,7.2239,7.2336,7.1172,74835341.0,10073522.0,7.8444,6.4191
2014-08-12,7.2239,7.2336,7.2433,7.1269,64418920.0,8669692.0,7.9511,6.5063
2014-08-13,7.2433,7.3014,7.3208,7.1657,89948029.0,12015363.0,7.9608,6.5063
2014-08-14,7.2917,7.1851,7.3014,7.1657,76226680.0,10198561.0,8.0287,6.5742
2014-08-15,7.1657,7.1851,7.2336,7.1366,56511051.0,7611530.0,7.9026,6.4675
2014-08-18,7.2142,7.3208,7.3305,7.1948,80538146.0,10767374.0,7.9026,6.4675
2014-08-19,7.3305,7.379,7.3984,7.2336,121940172.0,16156020.0,8.0578,6.5936
2014-08-20,7.3499,7.476,7.4954,7.2724,180921875.0,23711567.0,8.1159,6.6421
2014-08-21,7.4663,7.3208,7.4663,7.2724,136500888.0,18038652.0,8.2226,6.7294
2014-08-22,7.3305,7.3111,7.3402,7.2336,70254712.0,9353457.0,8.0578,6.5936
2014-08-25,7.3208,7.2045,7.3208,7.1754,78658210.0,10557250.0,8.0384,6.5839
2014-08-26,7.1851,6.9912,7.2336,6.9718,79707971.0,10896608.0,7.922,6.4869
2014-08-27,6.9815,6.9912,7.0202,6.8942,73438253.0,10223097.0,7.6893,6.293
2014-08-28,6.9815,6.8748,6.9912,6.8651,57418910.0,8045496.0,7.6893,6.293
2014-08-29,6.8845,6.9815,6.9912,6.8651,35512768.0,4970868.0,7.5632,6.1863
2014-09-01,6.9912,7.0687,7.1075,6.9912,58663577.0,8069063.0,7.6796,6.2833
2014-09-02,7.0784,7.1269,7.1269,7.0493,72586366.0,9927649.0,7.7766,6.3609
2014-09-03,7.1366,7.156,7.1851,7.0978,111947756.0,15190153.0,7.8444,6.4191
2014-09-04,7.1657,7.253,7.2724,7.1172,110273964.0,14833863.0,7.8735,6.4385
2014-09-05,7.253,7.379,7.4178,7.2142,180899291.0,23989207.0,7.9802,6.5257
2014-09-09,7.5729,7.4663,7.6505,7.4275,292534411.0,37720179.0,8.1159,6.6421
2014-09-10,7.4178,7.4081,7.4275,7.3208,143814234.0,18923821.0,8.2129,6.7197
2014-09-11,7.3984,7.4566,7.5536,7.3693,138777092.0,18037732.0,8.145,6.6712
2014-09-12,7.4178,7.4178,7.4372,7.3208,111035379.0,14590148.0,8.2032,6.71
2014-09-15,7.4178,7.476,7.5536,7.3693,175538299.0,22780323.0,8.1644,6.6809
2014-09-16,7.4857,7.2433,7.4954,7.2239,147713748.0,19369640.0,8.2226,6.7294
2014-09-17,7.2724,7.2239,7.3208,7.1269,105770162.0,14227127.0,7.9705,6.516
2014-09-18,7.1948,7.3014,7.3208,7.1657,101246343.0,13602198.0,7.9511,6.5063
2014-09-19,7.282,7.282,7.3111,7.2045,76547764.0,10226059.0,8.0287,6.5742
2014-09-22,7.2917,7.1269,7.2917,7.0978,76840687.0,10402011.0,8.0093,6.5548
2014-09-23,7.1366,7.1851,7.2045,7.1269,73363445.0,9926876.0,7.8444,6.4191
2014-09-24,7.1754,7.2627,7.2724,7.0978,116570600.0,15675469.0,7.9026,6.4675
2014-09-25,7.3111,7.2336,7.3111,7.2045,95637091.0,12762729.0,7.9899,6.5354
2014-09-26,7.3111,7.3984,7.4566,7.3014,220917135.0,28960008.0,7.9608,6.5063
2014-09-29,7.3984,7.4372,7.4954,7.3693,143765694.0,18730363.0,8.1353,6.6615
2014-09-30,7.3984,7.4663,7.4857,7.3693,135007542.0,17621713.0,8.1838,6.6906
2014-10-08,7.5439,7.5245,7.6117,7.4857,149255122.0,19223355.0,8.2129,6.7197
2014-10-09,7.5342,7.4857,7.5826,7.3984,176001195.0,22840165.0,8.2808,6.7681
2014-10-10,7.4469,7.4857,7.5439,7.4081,139930891.0,18103811.0,8.2323,6.739
2014-10-13,7.476,7.5729,7.602,7.3596,169607031.0,21917427.0,8.2323,6.739
2014-10-14,7.5536,7.4954,7.6311,7.4469,159854499.0,20550979.0,8.3293,6.8166
2014-10-15,7.5051,7.5245,7.6117,7.3887,146109180.0,18875791.0,8.242,6.7487
2014-10-16,7.4663,7.3887,7.5439,7.3887,121264749.0,15769194.0,8.2808,6.7681
2014-10-17,7.3887,7.282,7.4275,7.156,105883221.0,14088918.0,8.1256,6.6518
2014-10-20,7.282,7.4372,7.4469,7.2627,75254764.0,9905513.0,8.0093,6.5548
2014-10-21,7.4372,7.3402,7.4372,7.3305,62808947.0,8254290.0,8.1838,6.6906
2014-10-22,7.3693,7.4275,7.5342,7.3596,187787195.0,24364121.0,8.0772,6.6033
2014-10-23,7.4469,7.6311,7.6796,7.3984,293835723.0,37729643.0,8.1741,6.6809
2014-10-24,7.6311,7.602,7.7087,7.4857,227039892.0,28965552.0,8.3971,6.8651
2014-10-27,7.5632,7.5632,7.6893,7.5148,141921486.0,18157410.0,8.3584,6.8457
2014-10-28,7.6214,7.8154,7.8541,7.5342,322919414.0,40664324.0,8.3196,6.8069
2014-10-29,7.8347,7.9511,8.0093,7.7281,393312384.0,48441162.0,8.6008,7.0299
2014-10-30,7.9026,7.8929,8.1935,7.8444,345068478.0,41919198.0,8.7462,7.156
2014-10-31,7.8541,7.9608,8.0093,7.7863,226832739.0,27899793.0,8.6783,7.1075
2014-11-03,8.145,8.2323,8.3874,8.0675,437638435.0,51380809.0,8.7559,7.1657
2014-11-04,8.1741,8.1159,8.242,8.0578,211601045.0,25285265.0,9.0565,7.4081
2014-11-05,8.242,8.0966,8.3778,8.0869,225944966.0,26650213.0,8.9305,7.3014
2014-11-06,8.1256,8.1838,8.1935,7.8929,201865008.0,24487469.0,8.9111,7.2917
2014-11-07,8.2905,7.9705,8.3584,7.9026,252677358.0,29996415.0,8.9983,7.3693
2014-11-10,7.9802,8.1838,8.3002,7.9802,218360115.0,25989567.0,8.7656,7.1754
2014-11-11,8.1935,7.8929,8.1935,7.7863,214746947.0,26178836.0,8.9983,7.3693
2014-11-12,7.9123,7.9802,7.9996,7.8444,100459311.0,12294313.0,8.6783,7.1075
2014-11-13,7.9802,7.8735,7.9996,7.8057,126717634.0,15599160.0,8.7753,7.1851
2014-11-14,7.8444,7.8347,7.8444,7.7378,98045768.0,12200736.0,8.6589,7.0881
2014-11-17,7.9123,7.8444,7.9317,7.7766,74393566.0,9181174.0,8.6202,7.0493
2014-11-18,7.8347,7.8832,7.9414,7.8154,91991795.0,11307781.0,8.6299,7.059
2014-11-19,7.9026,7.8735,7.9317,7.8347,61364875.0,7548362.0,8.6686,7.0978
2014-11-20,7.8638,7.7184,7.8638,7.699,111977701.0,14013671.0,8.6589,7.0881
2014-11-21,7.6796,7.7863,7.8057,7.6699,84831704.0,10620407.0,8.4941,6.9427
2014-11-24,7.9996,8.0287,8.1256,7.9317,245310075.0,29627581.0,8.562,7.0105
2014-11-25,8.0384,8.0772,8.1063,7.9608,156542249.0,18893502.0,8.8335,7.2239
2014-11-26,8.0869,8.0869,8.1353,7.9608,158456405.0,19050538.0,8.882,7.2724
2014-11-27,8.0966,8.2323,8.3681,8.0966,245653283.0,28966974.0,8.8917,7.282
2014-11-28,8.242,8.3002,8.339,7.9899,314453403.0,37293001.0,9.0565,7.4081
2014-12-01,8.3099,8.3099,8.5523,8.2614,321788494.0,37124027.0,9.1341,7.4663
2014-12-02,8.3002,8.4359,8.4747,8.2226,256534040.0,29732526.0,9.1438,7.476
2014-12-03,8.4456,8.6299,8.9208,8.4359,407756853.0,45663701.0,9.2795,7.5923
2014-12-04,8.6783,8.9208,8.9789,8.4844,400763052.0,44325397.0,9.4928,7.7669
2014-12-05,8.9886,8.562,9.0759,8.3584,382014372.0,42562242.0,9.8128,8.0287
2014-12-08,8.4844,8.8238,8.8917,8.4553,365649876.0,40679812.0,9.4153,7.7087
2014-12-09,8.7753,8.9789,9.6965,8.562,726936961.0,76925086.0,9.7062,7.9414
2014-12-10,8.9886,9.3862,9.4928,8.8335,458413715.0,48461738.0,9.8807,8.0772
2014-12-11,9.3377,9.2601,9.5801,9.0468,366255563.0,38215648.0,10.3267,8.4456
2014-12-12,9.2698,9.551,9.5995,9.1923,379108641.0,39097053.0,10.191,8.339
2014-12-15,9.648,9.5607,9.648,9.3086,313363010.0,31975117.0,10.511,8.6008
2014-12-16,9.5219,9.4638,9.648,9.3474,271860916.0,27797515.0,10.5207,8.6008
2014-12-17,9.4735,9.2116,9.5316,9.1147,276035899.0,28839532.0,10.414,8.5135
2014-12-18,9.2407,9.2601,9.4056,9.1632,152577876.0,15956378.0,10.1328,8.2905
2014-12-19,9.2601,9.328,9.3377,8.8335,320963783.0,34189314.0,10.191,8.339
2014-12-22,9.5025,10.191,10.2589,9.5025,885530646.0,85401185.0,10.2589,8.3971
2014-12-23,9.9292,9.4928,10.0358,9.3377,454729979.0,45321217.0,11.2091,9.1729
2014-12-24,9.551,9.2213,9.648,9.1438,240501090.0,25065512.0,10.4431,8.5426
2014-12-25,9.2213,10.1037,10.1231,9.2213,571589523.0,56551100.0,10.1425,8.3002
2014-12-26,10.1037,10.1037,10.3267,9.8516,487540723.0,46761277.0,11.1122,9.0953
2014-12-29,10.1037,10.0552,10.3267,9.9389,389984874.0,37338866.0,11.1122,9.0953
2014-12-30,10.1619,10.414,10.7728,9.8904,690954861.0,64268711.0,11.0637,9.0468
2014-12-31,10.2783,10.2686,10.4431,9.9874,408449431.0,38983160.0,11.4515,9.3765
2015-01-05,10.3752,10.5595,10.6661,10.3073,443170804.0,40834184.0,11.2964,9.2407
2015-01-06,10.5401,10.2783,10.5401,10.0843,350947042.0,33050848.0,11.6164,9.5025
2015-01-07,10.2298,10.2104,10.4819,10.0552,276686086.0,26243672.0,11.3061,9.2504
2015-01-08,10.0843,9.9001,10.2201,9.8031,220697764.0,21472852.0,11.2285,9.1923
2015-01-09,9.8904,9.8128,10.1716,9.7547,319295140.0,31057662.0,10.8891,8.9111
2015-01-12,9.6674,9.3086,9.7256,9.2116,247984183.0,25521121.0,10.7922,8.8335
2015-01-13,9.2795,9.3474,9.3862,9.2116,142028951.0,14824211.0,10.2395,8.3778
2015-01-14,9.3474,9.2504,9.4153,9.1729,108138383.0,11297463.0,10.2783,8.4165
2015-01-15,9.2407,9.4928,9.5025,9.1923,131589032.0,13644056.0,10.1716,8.3293
2015-01-16,9.5122,9.551,9.5995,9.4056,149161554.0,15212002.0,10.4431,8.5426
2015-01-19,9.0856,8.6008,9.1729,8.6008,263666167.0,28656133.0,10.511,8.6008
2015-01-20,8.7268,8.8917,8.9401,8.7074,160547050.0,17601031.0,9.4638,7.7378
2015-01-21,8.9111,9.202,9.2407,8.8238,153235910.0,16354293.0,9.7837,7.9996
2015-01-22,9.1341,9.2116,9.2795,9.105,141719018.0,14962226.0,10.1231,8.2808
2015-01-23,9.2698,9.1341,9.2698,9.0662,171777860.0,18186006.0,10.1328,8.2905
2015-01-26,9.105,9.328,9.3571,9.0371,170509301.0,18021308.0,10.0455,8.2226
2015-01-27,9.328,9.3183,9.4347,9.1147,167509022.0,17498020.0,10.2589,8.3971
2015-01-28,9.2698,9.1438,9.2698,9.1244,103511628.0,10921324.0,10.2492,8.3874
2015-01-29,9.0468,9.0856,9.231,9.0177,97490573.0,10377680.0,10.0552,8.2323
2015-01-30,9.1535,9.0856,9.2116,9.0662,95915354.0,10175593.0,9.9971,8.1741
2015-02-02,9.0177,8.9014,9.0565,8.8238,105689280.0,11444425.0,9.9971,8.1741
2015-02-03,8.9401,9.0759,9.0953,8.9014,71499864.0,7705201.0,9.7934,8.0093
2015-02-04,9.1147,9.0274,9.1923,8.9692,79908510.0,8502599.0,9.9874,8.1644
2015-02-05,9.1826,9.0759,9.2795,9.0274,168559159.0,17819445.0,9.9292,8.1256
2015-02-06,9.0177,8.7365,9.0565,8.6493,110389809.0,12102859.0,9.9874,8.1644
2015-02-09,8.7268,8.7947,8.8723,8.6783,49456492.0,5460352.0,9.6092,7.8638
2015-02-10,8.7947,8.9401,8.9498,8.7656,62791373.0,6843513.0,9.6771,7.9123
2015-02-11,8.9498,9.0662,9.0856,8.9498,64983194.0,6967170.0,9.8322,8.0481
2015-02-12,9.0565,9.0759,9.1535,9.0177,51407753.0,5482211.0,9.9777,8.1644
2015-02-13,9.0953,9.1438,9.2407,9.0953,93379729.0,9884167.0,9.9874,8.1644
2015-02-16,9.1341,9.1826,9.202,9.0953,65710896.0,6950880.0,10.0552,8.2323
2015-02-17,9.1826,9.2116,9.2504,9.1826,78877931.0,8299330.0,10.1037,8.2614
2015-02-25,9.2504,9.1826,9.2892,9.1341,75828728.0,7976657.0,10.1328,8.2905
2015-02-26,9.1632,9.4056,9.4541,9.1341,145791076.0,15169071.0,10.1037,8.2614
2015-02-27,9.425,9.4444,9.5219,9.3668,128105039.0,13152598.0,10.3461,8.465
2015-03-02,9.5316,9.5898,9.7062,9.4735,172679680.0,17431673.0,10.3849,8.5038
2015-03-03,9.7256,9.5316,9.8904,9.5025,239571723.0,23921375.0,10.5498,8.6299
2015-03-04,9.5316,9.5704,9.5801,9.3862,132844336.0,13588514.0,10.4819,8.5814
2015-03-05,9.5316,9.4153,9.5316,9.3765,104136586.0,10716712.0,10.5304,8.6105
2015-03-06,9.4153,9.6189,9.745,9.4153,160946448.0,16217807.0,10.3558,8.4747
2015-03-09,9.6868,9.6286,9.6868,9.3862,129153882.0,13140364.0,10.5789,8.6589
2015-03-10,9.5995,9.5413,9.6286,9.4928,114088852.0,11569439.0,10.5885,8.6686
2015-03-11,9.5122,9.5995,9.6383,9.5122,104585115.0,10582171.0,10.4916,8.5911
2015-03-12,9.5995,9.7062,9.7256,9.5704,154944327.0,15552223.0,10.5595,8.6396
2015-03-13,9.745,9.6965,9.7934,9.6286,144728777.0,14446019.0,10.6758,8.7365
2015-03-16,9.7353,9.9292,9.9971,9.6868,244284550.0,24099195.0,10.6661,8.7268
2015-03-17,9.9292,10.1328,10.1716,9.8807,310362305.0,29968538.0,10.9182,8.9401
2015-03-18,10.2395,10.5207,10.637,10.1425,452690468.0,42278786.0,11.1509,9.1244
2015-03-19,10.4722,10.3461,10.4722,10.2783,290760526.0,27167794.0,11.5776,9.4735
2015-03-20,10.3558,10.3752,10.5207,10.2977,218667860.0,20427258.0,11.3837,9.3086
2015-03-23,10.3752,10.4722,10.5207,10.3655,279723600.0,25932933.0,11.4127,9.3377
2015-03-24,10.4819,10.2104,10.4819,10.0165,299370932.0,28382047.0,11.5194,9.425
2015-03-25,10.1037,10.3267,10.4237,10.0358,220681242.0,20969988.0,11.2285,9.1923
2015-03-26,10.3364,10.7631,10.7728,10.1328,406880254.0,37497228.0,11.3643,9.2989
2015-03-27,10.8504,10.6758,11.0055,10.6467,479002472.0,43035780.0,11.8394,9.6868
2015-03-30,10.8407,11.5194,11.6164,10.8407,652260334.0,55785751.0,11.7424,9.6092
2015-03-31,11.6842,11.6067,11.8782,11.2285,859697721.0,72174165.0,12.6733,10.3655
2015-04-01,11.4515,11.7327,11.8394,11.3934,467453117.0,38872027.0,12.7703,10.4431
2015-04-02,11.7715,11.6649,11.8394,11.4709,361062917.0,30111755.0,12.906,10.5595
2015-04-03,11.5485,11.6358,11.82,11.4418,355561697.0,29609752.0,12.8284,10.5013
2015-04-07,11.9364,11.7909,12.1206,11.6842,458923933.0,37637886.0,12.7993,10.4722
2015-04-08,11.8588,11.9945,12.363,11.7909,554897674.0,44677477.0,12.9739,10.6079
2015-04-09,11.7133,11.2382,11.7133,10.9667,671630009.0,57702502.0,13.1969,10.7922
2015-04-10,11.2285,11.3449,11.4224,11.054,393598334.0,33863686.0,12.363,10.1134
2015-04-13,11.374,11.5582,11.5873,11.2867,440128981.0,37292665.0,12.4794,10.2104
2015-04-14,11.5388,11.5873,11.7812,11.3061,480889044.0,40493511.0,12.7121,10.4043
2015-04-15,11.597,11.1606,11.6067,11.1606,343178059.0,29364822.0,12.7509,10.4237
2015-04-16,11.1122,11.2673,11.374,10.7728,287082113.0,25026464.0,12.2757,10.0455
2015-04-17,11.3934,11.6358,11.82,11.2867,596557402.0,50271532.0,12.3921,10.1425
2015-04-20,11.7327,11.4806,11.8782,11.4127,589724881.0,49243469.0,12.7993,10.4722
2015-04-21,11.4515,11.723,11.7715,11.2964,393408605.0,33057736.0,12.6248,10.3364
2015-04-22,11.7812,12.1691,12.2757,11.5873,703896780.0,56911105.0,12.8963,10.5498
2015-04-23,12.2563,12.4503,12.809,12.2563,761402286.0,59014509.0,13.3908,10.957
2015-04-24,12.1206,11.9267,12.2563,11.7036,562681995.0,45622013.0,13.6914,11.2091
2015-04-27,13.0902,12.46,13.1193,12.3145,963252908.0,73285945.0,13.1193,10.734
2015-04-28,12.2079,11.8976,12.4697,11.7812,512434420.0,41217598.0,13.7108,11.2188
2015-04-29,11.8394,11.9364,11.9945,11.7036,281125644.0,22948290.0,13.0902,10.7049
2015-04-30,11.9267,11.7424,11.9557,11.723,255201467.0,20909354.0,13.129,10.7437
2015-05-04,11.8006,11.9848,12.1012,11.7909,290358514.0,23506122.0,12.9157,10.5692
2015-05-05,11.9267,11.2285,11.9461,10.957,372243235.0,31512671.0,13.1872,10.7825
2015-05-06,11.0928,10.8213,11.2964,10.6855,244444597.0,21418324.0,12.3533,10.1037
2015-05-07,10.5401,10.6273,10.8891,10.5401,172368765.0,15578425.0,11.9073,9.7353
2015-05-08,10.8794,11.3934,11.5291,10.6273,245329371.0,21753822.0,11.6939,9.5607
2015-05-11,11.3837,11.6939,11.723,11.054,479661602.0,40532943.0,12.5375,10.2589
2015-05-12,11.9073,11.6939,12.0042,11.6358,412962339.0,33978110.0,12.8672,10.5207
2015-05-13,11.723,11.4903,11.723,11.3061,266974289.0,22645697.0,12.8672,10.5207
2015-05-14,11.4903,11.2673,11.4903,11.2479,193567968.0,16580172.0,12.6442,10.3461
2015-05-15,11.2964,11.3352,11.3449,10.8794,298934359.0,26000649.0,12.3921,10.1425
2015-05-18,11.1994,11.3352,11.4709,11.1412,189695931.0,16307610.0,12.4697,10.2007
2015-05-19,11.2285,11.5194,11.5679,11.1994,241294786.0,20434203.0,12.4697,10.2007
2015-05-20,11.5194,11.8685,12.0721,11.4612,504351692.0,41496281.0,12.6733,10.3655
2015-05-21,11.7909,12.1691,12.1885,11.597,528834693.0,43290455.0,13.0515,10.6855
2015-05-22,12.1691,12.2369,12.3533,11.9461,598039155.0,47543221.0,13.3908,10.957
2015-05-25,12.1206,12.5666,12.6927,12.0333,772686655.0,60714438.0,13.4587,11.0152
2015-05-26,12.7993,12.5569,12.9933,12.3339,843953978.0,64979642.0,13.8272,11.3061
2015-05-27,12.5472,12.46,12.5569,12.2079,739935946.0,58047151.0,13.8175,11.3061
2015-05-28,12.363,11.5,12.586,11.4709,620340870.0,49365990.0,13.7108,11.2188
2015-05-29,11.5194,11.3158,11.6358,10.9861,383573940.0,32771367.0,12.6539,10.3461
2015-06-01,11.3643,11.8685,11.8782,11.3449,385403948.0,32155709.0,12.4503,10.1813
2015-06-02,11.8297,12.0818,12.1012,11.723,452697341.0,36855926.0,13.0515,10.6855
2015-06-03,12.0915,12.1691,12.3727,11.8491,439614217.0,35115067.0,13.2939,10.8697
2015-06-04,12.2369,12.266,12.3339,11.5388,440739095.0,35467536.0,13.3908,10.957
2015-06-05,12.4212,13.4975,13.4975,12.3242,1393135244.0,104676476.0,13.4975,11.0443
2015-06-08,13.9435,14.0502,14.2441,13.7108,1563668742.0,108757524.0,14.8453,12.1497
2015-06-09,13.7981,13.9241,14.0599,13.5751,732259534.0,51630903.0,15.4562,12.6442
2015-06-10,13.9241,14.1859,14.7192,13.6138,939874556.0,63794947.0,15.3204,12.5278
2015-06-11,14.0987,14.5447,14.632,13.7205,733632144.0,50260534.0,15.6016,12.7703
2015-06-12,14.5937,14.2014,14.6722,14.1622,554161001.0,37976610.0,15.9962,13.0932
2015-06-15,14.1034,13.868,14.172,13.6522,600747502.0,42422203.0,15.6235,12.7793
2015-06-16,13.7307,13.6522,14.1818,13.5345,533294383.0,37668682.0,15.2509,12.4851
2015-06-17,13.6522,13.8189,13.8778,13.1226,436142908.0,31798151.0,15.0155,12.289
2015-06-18,13.8386,13.4855,14.2211,13.4757,525454103.0,36977023.0,15.2018,12.4361
2015-06-19,13.1618,12.1418,13.4168,12.1418,486866441.0,38027242.0,14.8389,12.1418
2015-06-23,12.2301,12.3086,12.3478,11.2788,305916707.0,25091996.0,13.358,10.9257
2015-06-24,12.4459,12.5832,12.6224,12.1615,423730293.0,33399308.0,13.5443,11.0826
2015-06-25,12.593,11.6416,12.6322,11.3768,366842773.0,29609491.0,13.8386,11.3278
2015-06-26,11.3082,10.4745,11.3376,10.4745,321157165.0,28939974.0,12.8088,10.4745
2015-06-29,10.5922,9.5134,10.7884,9.4251,358605484.0,35088668.0,11.524,9.4251
2015-06-30,9.533,10.3667,10.3863,9.0721,284234046.0,28517014.0,10.4647,8.5621
2015-07-01,10.4451,9.7684,10.759,9.6605,320837921.0,30246123.0,11.4063,9.327
2015-07-02,9.9057,9.0524,9.9547,8.8269,274601148.0,28533115.0,10.7492,8.7876
2015-07-03,8.8367,8.2482,9.2388,8.1501,262918906.0,30171846.0,9.9547,8.1501
2015-07-06,9.0721,9.0622,9.0721,7.4636,524325152.0,59654869.0,9.0721,7.4244
2015-07-07,8.6307,8.6405,8.8857,8.1697,318617084.0,36472996.0,9.9645,8.1599
2015-07-08,7.8167,8.1796,8.4346,7.7774,408860431.0,49233148.0,9.5036,7.7774
2015-07-09,8.1796,8.9936,8.9936,8.1796,204618265.0,22994477.0,8.9936,7.3655
2015-07-10,9.229,9.8959,9.8959,9.0721,366596318.0,36800281.0,9.8959,8.0913
2015-07-13,10.0038,10.6217,10.759,9.7194,589790853.0,56461391.0,10.8865,8.9053
2015-07-14,10.1509,9.788,10.5334,9.6899,436080027.0,42263607.0,11.6809,9.5624
2015-07-15,9.8174,8.9151,10.1411,8.8759,272449311.0,28141335.0,10.7688,8.8072
2015-07-16,8.9151,9.1995,9.4644,8.4149,172077740.0,18758488.0,9.8076,8.0226
2015-07-17,9.1995,9.6605,9.7782,9.1211,206174758.0,21343162.0,10.1215,8.2776
2015-07-20,9.5919,9.6017,9.837,9.4447,206432005.0,21039677.0,10.6315,8.6994
2015-07-21,9.5134,9.5919,9.739,9.3074,196925798.0,20260161.0,10.5628,8.6405
2015-07-22,9.5134,9.6899,9.7684,9.3957,187912525.0,19159857.0,10.553,8.6307
2015-07-23,9.6801,10.3078,10.5432,9.6115,353540881.0,34577316.0,10.6609,8.719
2015-07-24,10.249,9.8567,10.2882,9.7782,270536698.0,26340900.0,11.3376,9.278
2015-07-27,9.6605,8.8759,9.837,8.8759,159373315.0,16671049.0,10.8472,8.8759
2015-07-28,8.5326,8.5621,8.7778,8.0913,153947058.0,17889212.0,9.7684,7.9932
2015-07-29,8.6307,9.2192,9.2682,8.6307,208788928.0,22921773.0,9.4153,7.7088
2015-07-30,9.1603,8.7484,9.3565,8.7288,144418694.0,15497307.0,10.1411,8.2972
2015-07-31,8.5719,8.7974,8.8759,8.5719,101255815.0,11428302.0,9.6213,7.8755
2015-08-03,8.6503,9.6801,9.6801,8.5915,419486715.0,43239600.0,9.6801,7.9148
2015-08-04,10.1215,10.4255,10.5432,9.8272,444330375.0,42526299.0,10.6511,8.7092
2015-08-05,10.3078,11.4651,11.4651,10.1999,872234233.0,75939963.0,11.4651,9.3859
2015-08-06,11.4651,11.4651,11.4651,11.4651,0.0,0.0,,
2015-08-07,11.1611,11.4357,11.573,10.9257,658691543.0,57278284.0,12.6126,10.3176
2015-08-10,11.4357,11.622,11.9751,11.0826,730785652.0,62255067.0,12.5832,10.2882
2015-08-11,11.3965,11.4553,12.0732,11.0924,624863702.0,53493668.0,12.7891,10.4647
2015-08-12,11.1415,10.7982,11.318,10.7688,474801000.0,42396879.0,12.6028,10.3078
2015-08-13,10.7688,11.0728,11.0924,10.7001,291932112.0,26161801.0,11.877,9.7194
2015-08-14,10.9061,10.9159,11.2395,10.8668,310797441.0,27563347.0,12.1811,9.9645
2015-08-17,10.9257,11.4749,11.573,10.808,410205802.0,35708596.0,12.0045,9.8272
2015-08-18,11.524,10.347,12.338,10.3274,638569652.0,53864533.0,12.6224,10.3274
2015-08-19,10.1803,10.8276,10.9845,9.3957,308469623.0,30227751.0,11.3866,9.3172
2015-08-20,10.6903,9.8174,10.7393,9.7978,244622176.0,23311461.0,11.9065,9.7488
2015-08-21,9.6017,9.7095,10.3274,9.2486,255285109.0,25643741.0,10.7982,8.8367
2015-08-24,9.0819,8.7386,9.3172,8.7386,121250491.0,13487537.0,10.6805,8.7386
2015-08-25,7.8657,7.8657,8.4346,7.8657,135107779.0,16582999.0,9.6115,7.8657
2015-08-26,7.9246,7.3557,8.3757,7.3165,182683226.0,22747771.0,8.6503,7.0811
2015-08-27,7.6009,7.7186,7.8951,7.2184,141634123.0,18531688.0,8.0913,6.6201
2015-08-28,7.8461,8.3757,8.3953,7.7284,186454016.0,22683797.0,8.4934,6.9438
2015-08-31,8.3267,7.8951,8.3267,7.8461,115970792.0,14174582.0,9.2094,7.5421
2015-09-01,7.8559,7.3753,8.0913,7.1301,169707781.0,21731593.0,8.6896,7.1105
2015-09-02,7.0124,7.9148,8.0521,6.885,163990735.0,21260945.0,8.1109,6.6398
2015-09-07,7.9049,7.8069,8.2874,7.6794,98797135.0,12090503.0,8.7092,7.1203
2015-09-08,7.8167,8.1599,8.1894,7.7284,79753851.0,9794306.0,8.5915,7.0223
2015-09-09,8.2874,8.5915,8.7386,8.2874,141998959.0,16285747.0,8.974,7.3459
2015-09-10,8.2384,8.3169,8.6797,8.2384,71996497.0,8312400.0,9.4545,7.7284
2015-09-11,8.3953,8.3561,8.4934,8.1894,49727922.0,5825724.0,9.1505,7.4832
2015-09-14,8.4444,7.5323,8.5032,7.5224,93097724.0,11681481.0,9.1897,7.5224
2015-09-15,7.3655,7.0517,7.5519,6.934,119785595.0,16472564.0,8.2874,6.7771
2015-09-16,7.0615,7.6499,7.748,6.9536,97597381.0,13127840.0,7.7578,6.3455
2015-09-17,7.5519,7.3263,7.699,7.2576,158513051.0,20790551.0,8.4149,6.885
2015-09-18,7.3067,7.2969,7.444,7.2282,59393254.0,7952813.0,8.0619,6.5907
2015-09-21,7.1988,7.444,7.4538,7.1399,129748433.0,17406017.0,8.0226,6.5711
2015-09-22,7.444,7.4734,7.5519,7.3557,124435510.0,16351739.0,8.1894,6.6986
2015-09-23,7.4048,7.2478,7.4048,7.1596,95098864.0,12786044.0,8.2188,6.728
2015-09-24,7.3165,7.3361,7.3557,7.2184,74082820.0,9957028.0,7.9736,6.5221
2015-09-25,7.2674,7.0124,7.3165,6.9634,75647686.0,10444411.0,8.0717,6.6005
2015-09-28,7.0223,7.1203,7.2576,6.9732,53657453.0,7397637.0,7.7186,6.3161
2015-09-29,7.0223,7.0026,7.1105,6.8555,108304699.0,15283060.0,7.8363,6.4044
2015-09-30,7.0026,7.0124,7.0713,6.9634,58562891.0,8177328.0,7.699,6.3063
2015-10-08,7.2674,7.3361,7.4048,7.1498,108043432.0,14518754.0,7.7186,6.3161
2015-10-09,7.3263,7.3949,7.5126,7.2674,109199132.0,14483340.0,8.0717,6.6005
2015-10-12,7.444,7.7578,7.8069,7.3949,149944199.0,19210387.0,8.1305,6.6594
2015-10-13,7.7088,7.7382,7.7578,7.5911,89207775.0,11396512.0,8.5326,6.983
2015-10-14,7.7186,7.5813,7.8167,7.5028,102279640.0,13054180.0,8.513,6.9634
2015-10-15,7.5813,7.7676,7.7774,7.5224,98691744.0,12617215.0,8.3365,6.8261
2015-10-16,7.7971,7.8657,7.8951,7.6499,175839571.0,22186725.0,8.5424,6.9928
2015-10-19,7.8853,7.7088,7.9442,7.5421,222637847.0,28311729.0,8.6503,7.0811
2015-10-20,7.6696,8.1403,8.1894,7.6401,288473221.0,35650050.0,8.4836,6.934
2015-10-21,7.9442,7.4832,8.0521,7.3655,289143795.0,36121846.0,8.9544,7.3263
2015-10-22,7.5028,7.6401,7.7088,7.4048,133047178.0,17238718.0,8.2286,6.7378
2015-10-23,7.7284,7.7873,7.8167,7.6009,162052906.0,20590876.0,8.4051,6.8751
2015-10-26,7.8853,7.9148,8.0717,7.8069,205113458.0,25368371.0,8.5621,7.0124
2015-10-27,7.9049,7.8363,7.9049,7.5519,110590267.0,14038651.0,8.7092,7.1203
2015-10-28,7.7676,7.6696,7.8461,7.6205,98860239.0,12537940.0,8.6209,7.0517
2015-10-29,7.7382,7.8559,7.954,7.6401,181533202.0,22733351.0,8.4346,6.9046
2015-10-30,7.8363,7.8167,7.954,7.699,160567718.0,20105218.0,8.6405,7.0713
2015-11-02,7.6401,7.6598,7.8265,7.5715,71570655.0,9102839.0,8.6013,7.0321
2015-11-03,7.6892,7.6598,7.7382,7.5813,52704891.0,6742714.0,8.4247,6.8948
2015-11-04,7.7088,7.9638,7.9736,7.6598,192958090.0,24047077.0,8.4247,6.8948
2015-11-05,7.9736,8.0128,8.1796,7.9148,283918030.0,34670098.0,8.7582,7.1694
2015-11-06,8.0128,8.1109,8.1403,7.9638,200101041.0,24343753.0,8.8171,7.2086
2015-11-09,8.0422,8.2188,8.2972,7.9638,246369213.0,29621098.0,8.9249,7.2969
2015-11-10,8.1305,8.1894,8.2482,8.0815,169431468.0,20381923.0,9.0426,7.3949
2015-11-11,8.1599,8.3365,8.4346,8.1599,232023966.0,27335315.0,9.0132,7.3753
2015-11-12,8.3463,8.1894,8.4051,8.0324,172836607.0,20656445.0,9.1701,7.5028
2015-11-13,8.0619,8.0128,8.1796,7.9932,128007027.0,15561125.0,9.0132,7.3753
2015-11-16,7.8461,8.0717,8.0913,7.8167,75864491.0,9352986.0,8.8171,7.2086
2015-11-17,8.1403,8.0128,8.1796,7.9442,158776114.0,19244117.0,8.8759,7.2674
2015-11-18,8.0128,8.1501,8.2286,7.9442,191273071.0,23077349.0,8.8171,7.2086
2015-11-19,8.1207,8.1796,8.1894,7.9932,160782403.0,19483907.0,8.9642,7.3361
2015-11-20,8.1305,8.2874,8.6209,8.0913,229445677.0,27174990.0,8.9936,7.3655
2015-11-23,8.2678,8.2286,8.3953,8.1894,133333858.0,15778888.0,9.1211,7.4538
2015-11-24,8.1697,8.2286,8.2776,8.1109,93012667.0,11122193.0,9.0524,7.4048
2015-11-25,8.2188,8.2384,8.2384,8.1501,94171578.0,11263727.0,9.0524,7.4048
2015-11-26,8.2776,8.1894,8.3267,8.1697,116437008.0,13830838.0,9.0622,7.4146
2015-11-27,8.1599,7.5421,8.209,7.4342,143747226.0,17858668.0,9.0132,7.3753
2015-11-30,7.5421,7.3949,7.6401,7.1301,95832455.0,12715872.0,8.2972,6.7869
2015-12-01,7.3949,7.6205,7.7578,7.3067,137863478.0,18061922.0,8.1305,6.6594
2015-12-02,7.6009,8.3855,8.3855,7.5421,398079085.0,47442236.0,8.3855,6.8555
2015-12-03,8.5424,8.4934,8.7778,8.3365,498686474.0,57515859.0,9.229,7.5519
2015-12-04,8.3659,8.2188,8.3855,8.1403,209097509.0,24845379.0,9.3467,7.6401
2015-12-07,8.1992,8.1403,8.2972,8.003,188961806.0,22728774.0,9.0426,7.3949
2015-12-08,8.0128,7.7578,8.1403,7.7382,162819667.0,20282842.0,8.9544,7.3263
2015-12-09,7.748,7.7873,7.9049,7.6696,95917625.0,12080579.0,8.5326,6.983
2015-12-10,7.7873,7.6794,7.8363,7.6205,106947952.0,13583811.0,8.5621,7.0124
2015-12-11,7.6499,7.6107,7.7186,7.5617,67252658.0,8638815.0,8.4444,6.9144
2015-12-14,7.5715,7.8951,7.8951,7.5519,99421176.0,12560684.0,8.3757,6.8457
2015-12-15,7.8951,7.7873,7.9148,7.7382,99832922.0,12540054.0,8.6896,7.1105
2015-12-16,7.8363,7.7186,7.8559,7.6303,125452688.0,15955546.0,8.5621,7.0124
2015-12-17,7.7774,7.9638,8.0324,7.748,186433948.0,23148127.0,8.4934,6.9438
2015-12-18,7.9246,7.8657,7.9834,7.7971,125901743.0,15665442.0,8.7582,7.1694
2015-12-21,7.8069,7.954,8.0128,7.7873,171459385.0,21146919.0,8.6503,7.0811
2015-12-22,7.9638,8.1501,8.3071,7.954,214307768.0,25773328.0,8.7484,7.1596
2015-12-23,8.2384,8.0128,8.2384,7.9932,136840790.0,16600489.0,8.9642,7.3361
2015-12-24,8.003,7.9148,8.0521,7.7284,75198033.0,9340862.0,8.8171,7.2086
2015-12-25,7.9148,7.9442,7.9932,7.8657,66241204.0,8186651.0,8.7092,7.1203
2015-12-28,7.954,7.699,7.9932,7.6794,101749227.0,12681317.0,8.7386,7.1498
2015-12-29,7.699,7.7774,7.7971,7.5911,74978927.0,9571594.0,8.4738,6.9242
2015-12-30,7.7676,8.1599,8.2678,7.7284,246051270.0,30058864.0,8.5522,7.0026
2015-12-31,8.1599,7.9932,8.1599,7.954,86041103.0,10494787.0,8.974,7.3459
2016-01-04,8.0226,7.3459,8.0619,7.2871,80679269.0,10295749.0,8.7974,7.1988
2016-01-05,7.0713,7.4832,7.5126,7.0615,97848795.0,13144708.0,8.0815,6.6103
2016-01-06,7.4538,7.9344,7.9834,7.4244,187360649.0,23576178.0,8.2286,6.7378
2016-01-07,7.748,7.1596,7.7676,7.1399,34689632.0,4555000.0,8.7288,7.1399
2016-01-08,7.3263,7.5813,7.8755,6.8653,272974071.0,34960454.0,7.8755,6.4436
2016-01-11,7.3557,7.0517,7.5323,7.0223,133123474.0,17932280.0,8.3365,6.8261
2016-01-12,7.0713,7.0419,7.189,6.8653,78422732.0,10934387.0,7.7578,6.3455
2016-01-13,7.0321,6.8751,7.2576,6.8555,98552703.0,13703243.0,7.748,6.3357
2016-01-14,6.6398,6.9536,6.9928,6.5319,89885248.0,13041475.0,7.5617,6.1886
2016-01-15,6.8653,6.5025,6.9536,6.3848,92677240.0,13588655.0,7.6499,6.2573
2016-01-18,6.3946,6.4338,6.5515,6.2769,66342968.0,10140354.0,7.1498,5.8552
2016-01-19,6.4338,6.63,6.6398,6.375,77412250.0,11627261.0,7.0811,5.7865
2016-01-20,6.5809,6.4926,6.6692,6.4534,69881924.0,10471866.0,7.2969,5.963
2016-01-21,6.375,6.3553,6.6594,6.3259,59891652.0,9037418.0,7.1399,5.8453
2016-01-22,6.4632,6.4632,6.5123,6.2278,46625648.0,7131852.0,6.9928,5.7178
2016-01-25,6.473,6.6103,6.7182,6.4534,72486920.0,10788141.0,7.1105,5.8159
2016-01-26,6.5515,6.0709,6.6005,5.9925,65497835.0,10134593.0,7.2674,5.9532
2016-01-27,6.0905,5.9925,6.169,5.8061,46674480.0,7661056.0,6.679,5.4628
2016-01-28,5.9434,5.7571,6.0219,5.7473,31472789.0,5230483.0,6.5907,5.3942
2016-01-29,5.7277,5.865,5.8944,5.5511,77567126.0,13203542.0,6.3357,5.1784
2016-02-01,5.8257,5.6002,5.8257,5.5119,47483142.0,8216533.0,6.4534,5.2765
2016-02-02,5.6198,5.7178,5.7865,5.61,43304884.0,7434760.0,6.1592,5.0411
2016-02-03,5.6786,5.6982,5.7178,5.5707,37446258.0,6525553.0,6.2867,5.149
2016-02-04,5.6884,5.7767,5.8159,5.6884,51040615.0,8695567.0,6.2671,5.1294
2016-02-05,5.7767,5.7473,5.8453,5.7277,43159504.0,7316537.0,6.3553,5.198
2016-02-15,5.5805,5.708,5.7571,5.5805,25683488.0,4444674.0,6.3259,5.1686
2016-02-16,5.7669,5.9434,5.9532,5.7473,55086070.0,9183914.0,6.2769,5.1392
2016-02-17,5.9336,6.2769,6.4338,5.8748,166779736.0,26433191.0,6.5417,5.3452
2016-02-18,6.2082,6.5907,6.7476,6.1984,187483048.0,28223869.0,6.9046,5.6492
2016-02-19,6.5319,6.5025,6.5515,6.3553,71007068.0,10794274.0,7.2478,5.9336
2016-02-22,6.5221,6.8065,7.1105,6.5221,116655120.0,16651650.0,7.1498,5.8552
2016-02-23,6.7673,6.7575,6.8948,6.5711,65345302.0,9560126.0,7.4832,6.1298
2016-02-24,6.6986,6.679,6.8751,6.5319,57736777.0,8449818.0,7.4342,6.0807
2016-02-25,6.6692,6.0415,6.679,6.0121,89100690.0,13780819.0,7.3459,6.0121
2016-02-26,6.0807,6.6496,6.6496,6.0807,137502500.0,20747526.0,6.6496,5.4334
2016-02-29,6.728,6.6201,6.9536,6.2769,190397333.0,27765051.0,7.3165,5.9826
2016-03-01,6.6201,6.983,7.2871,6.5711,196162127.0,27490778.0,7.2871,5.963
2016-03-02,6.8457,7.6794,7.6794,6.8457,284106411.0,36946890.0,7.6794,6.2867
2016-03-03,7.9442,7.6499,8.2384,7.6303,353567022.0,43418822.0,8.4444,6.9144
2016-03-04,7.7186,7.5224,7.9932,7.3949,200442311.0,25600867.0,8.4149,6.885
2016-03-07,7.6696,7.5911,7.7971,7.3851,144923156.0,18879098.0,8.2776,6.7673
2016-03-08,7.6107,7.4146,7.6107,7.0713,142651057.0,19129107.0,8.3463,6.8359
2016-03-09,7.2576,6.9928,7.2576,6.8261,99180372.0,13795709.0,8.1599,6.6692
2016-03-10,7.0615,6.9732,7.1007,6.8163,87256271.0,12304939.0,7.6892,6.2965
2016-03-11,6.8653,6.983,7.1498,6.6888,73808087.0,10396216.0,7.6696,6.2769
2016-03-14,7.0517,7.6794,7.6794,7.0517,133619433.0,17383115.0,7.6794,6.2867
2016-03-15,7.6401,7.6892,7.8951,7.493,186774553.0,23888320.0,8.4444,6.9144
2016-03-16,7.6401,7.5519,7.7284,7.4244,64130869.0,8294050.0,8.4542,6.9242
2016-03-17,7.5421,7.699,7.8265,7.4734,90597077.0,11556014.0,8.3071,6.7967
2016-03-18,7.8167,8.0226,8.0422,7.6598,128993674.0,16072413.0,8.4738,6.9242
2016-03-21,8.0324,7.9932,8.1894,7.8951,117663065.0,14325004.0,8.8269,7.2184
2016-03-22,7.9148,8.0422,8.3365,7.7971,136225379.0,16348997.0,8.7974,7.1988
2016-03-23,7.9736,8.4934,8.5817,7.954,191530883.0,22418131.0,8.8465,7.238
2016-03-24,8.3659,8.0913,8.3953,8.0717,84553195.0,10038588.0,9.3467,7.6401
2016-03-25,8.1207,7.8559,8.1697,7.7578,83444073.0,10396368.0,8.9053,7.2871
2016-03-28,7.8559,7.8461,7.9932,7.6499,65528500.0,8216934.0,8.6405,7.0713
2016-03-29,7.8657,7.9344,8.1207,7.699,89181178.0,11015835.0,8.6307,7.0615
2016-03-30,8.0422,8.3463,8.3855,8.0226,134901545.0,16053946.0,8.7288,7.1399
2016-03-31,8.3561,8.8269,8.9544,8.1599,162077778.0,18435581.0,9.1799,7.5126
2016-04-01,8.8269,8.4444,9.1897,8.4149,146260491.0,16316706.0,9.7095,7.9442
2016-04-05,8.4444,8.6111,8.6797,8.2482,130349594.0,15127502.0,9.2878,7.6009
2016-04-06,8.3953,8.4247,8.5228,8.3071,75498807.0,8822598.0,9.4742,7.748
2016-04-07,8.4346,8.209,8.4934,8.1894,56935181.0,6756742.0,9.2682,7.5813
2016-04-08,7.9442,8.1403,8.3365,7.9442,70837542.0,8498132.0,9.0328,7.3851
2016-04-11,8.1697,8.5915,8.9544,8.1697,162004981.0,18289957.0,8.9544,7.3263
2016-04-12,8.6209,8.2776,8.6209,8.1894,100601576.0,11851114.0,9.4545,7.7284
2016-04-13,8.3071,8.5424,8.9347,8.3071,175997254.0,19871608.0,9.1015,7.4538
2016-04-14,8.5621,8.8367,8.974,8.5424,110889588.0,12400621.0,9.3957,7.6892
2016-04-15,8.7386,8.9446,8.9838,8.6307,130603110.0,14552699.0,9.7194,7.954
2016-04-18,8.8072,8.6896,8.8072,8.4346,90181213.0,10295123.0,9.837,8.0521
2016-04-19,8.8072,8.513,8.8072,8.3953,73084947.0,8449160.0,9.5624,7.8167
2016-04-20,8.513,8.2286,8.6405,7.9344,85898727.0,10176803.0,9.3663,7.6598
2016-04-21,8.2384,8.1011,8.3365,8.0913,34243888.0,4098343.0,9.0524,7.4048
2016-04-22,8.0128,7.7774,8.0128,7.5813,96169968.0,12227146.0,8.9151,7.2871
2016-04-25,7.699,7.9344,7.9344,7.5617,72527105.0,9128725.0,8.5522,7.0026
2016-04-26,7.9148,7.8755,7.9638,7.7382,50281368.0,6303480.0,8.7288,7.1399
2016-04-27,7.8559,7.7382,7.8951,7.6499,54879346.0,6965305.0,8.6601,7.0909
2016-04-28,7.7284,7.6205,7.748,7.189,103036535.0,13525886.0,8.513,6.9634
2016-04-29,7.493,7.3851,7.5519,7.2773,62320125.0,8252681.0,8.3855,6.8555
2016-05-03,7.3557,7.5224,7.5323,7.238,120487277.0,15939655.0,8.1207,6.6496
2016-05-04,7.4538,7.4146,7.4636,7.3361,75039619.0,9923412.0,8.2776,6.7673
2016-05-05,7.3655,7.4832,7.5028,7.3655,56871115.0,7483236.0,8.1599,6.6692
2016-05-06,7.493,7.238,7.5421,7.2282,74822475.0,9930433.0,8.2286,6.7378
2016-05-09,7.1596,6.5711,7.1596,6.5123,99038424.0,14493512.0,7.9638,6.5123
2016-05-10,6.6201,6.4338,6.6496,6.375,78707729.0,11924101.0,7.2282,5.914
2016-05-11,6.473,6.5613,6.6594,6.3651,88139893.0,13293197.0,7.0811,5.7865
2016-05-12,6.5319,6.5417,6.5613,6.2376,44326664.0,6768660.0,7.2184,5.9042
2016-05-13,6.5319,6.4436,6.6103,6.3848,35594855.0,5387971.0,7.1988,5.8846
2016-05-16,6.4338,6.4926,6.5025,6.3651,40536915.0,6176801.0,7.0909,5.7963
2016-05-17,6.5123,6.5025,6.5613,6.424,50166014.0,7584246.0,7.1399,5.8453
2016-05-18,6.4534,6.2867,6.473,6.1788,44941261.0,6999939.0,7.1498,5.8552
2016-05-19,6.2376,6.218,6.3651,6.2082,39881446.0,6210817.0,6.9144,5.659
2016-05-20,6.1886,6.2965,6.3063,6.0905,41210142.0,6503678.0,6.8359,5.6002
2016-05-23,6.2671,6.4632,6.6398,6.2671,67329077.0,10293519.0,6.9242,5.6688
2016-05-24,6.375,6.2769,6.3946,6.218,53545250.0,8334524.0,7.1105,5.8159
2016-05-25,6.3161,6.2082,6.3455,6.1494,47503821.0,7452795.0,6.9046,5.6492
2016-05-26,6.2082,6.169,6.2278,6.0709,52453900.0,8408072.0,6.8261,5.5903
2016-05-27,6.169,6.169,6.218,6.12,34010661.0,5403565.0,6.7869,5.5511
2016-05-30,6.1494,6.1396,6.218,6.0807,24292245.0,3867514.0,6.7869,5.5511
2016-05-31,6.1592,6.4044,6.4044,6.1592,63941261.0,9918719.0,6.7575,5.5217
2016-06-01,6.424,6.3848,6.473,6.3553,54021057.0,8264777.0,7.0419,5.7669
2016-06-02,6.4044,6.4436,6.4534,6.3063,50900963.0,7806315.0,7.0223,5.7473
2016-06-03,6.4534,6.4534,6.5025,6.3946,63482024.0,9663106.0,7.0909,5.7963
2016-06-06,6.473,6.4142,6.5221,6.3946,59496149.0,9058252.0,7.1007,5.8061
2016-06-07,6.4438,6.3648,6.4537,6.3252,46905052.0,7284481.0,7.0566,5.7718
2016-06-08,6.3845,6.3154,6.3845,6.2462,45536872.0,7143572.0,6.9973,5.7322
2016-06-13,6.2857,6.088,6.2857,6.088,52442591.0,8365893.0,6.9479,5.6828
2016-06-14,6.0386,6.009,6.0979,5.9793,56710655.0,9302371.0,6.7008,5.4753
2016-06-15,5.9793,6.1572,6.1671,5.9596,70587761.0,11466259.0,6.6118,5.4061
2016-06-16,6.1276,6.0683,6.1375,6.0287,46088686.0,7497481.0,6.77,5.5445
2016-06-17,6.0683,6.1276,6.2165,6.0584,52017862.0,8381879.0,6.6711,5.4654
2016-06-20,6.1375,6.2462,6.2758,6.0386,66128440.0,10589326.0,6.7403,5.5148
2016-06-21,6.2363,6.1375,6.3747,6.0979,49158441.0,7815376.0,6.8688,5.6235
2016-06-22,6.1078,6.2066,6.2066,6.0979,35300321.0,5661079.0,6.7502,5.5247
2016-06-23,6.177,6.2066,6.2363,6.1375,31065506.0,4958830.0,6.8293,5.584
2016-06-24,6.1968,6.0386,6.2561,5.9398,61221654.0,9944245.0,6.8293,5.584
2016-06-27,5.9991,6.1276,6.1473,5.9694,49391024.0,8008320.0,6.6415,5.4357
2016-06-28,6.088,6.2066,6.2264,6.0683,44746679.0,7210517.0,6.7403,5.5148
2016-06-29,6.2462,6.2758,6.2956,6.1869,80658842.0,12758091.0,6.8293,5.584
2016-06-30,6.2659,6.2363,6.2956,6.2066,42613290.0,6742435.0,6.9083,5.6532
2016-07-01,6.2561,6.2363,6.2857,6.2165,42687498.0,6757015.0,6.8589,5.6136
2016-07-04,6.2758,6.6415,6.6613,6.2758,189888320.0,28780480.0,6.8589,5.6136
2016-07-05,6.6415,6.7601,6.8392,6.5328,156293600.0,23226122.0,7.3037,5.9793
2016-07-06,6.7008,6.9676,7.0961,6.6316,203011544.0,29293135.0,7.4322,6.088
2016-07-07,6.9775,7.1653,7.2543,6.8194,255080069.0,35867986.0,7.6693,6.2758
2016-07-08,7.1159,7.0368,7.1653,6.9578,115172456.0,16155103.0,7.8868,6.4537
2016-07-11,7.0665,6.8886,7.0961,6.8589,120537691.0,17040716.0,7.7385,6.3351
2016-07-12,6.8985,7.3037,7.4124,6.8886,212830069.0,29413493.0,7.5804,6.1968
2016-07-13,7.2345,7.2048,7.4025,7.1357,145830225.0,19927118.0,8.035,6.5723
2016-07-14,7.1357,7.1357,7.2048,7.0665,74573377.0,10327073.0,7.9263,6.4834
2016-07-15,7.1455,7.0269,7.2444,7.0171,80526022.0,11214781.0,7.8472,6.4241
2016-07-18,7.0269,7.0269,7.0467,6.9281,77797825.0,11007453.0,7.7286,6.3252
2016-07-19,7.0269,7.0862,7.1653,6.9479,63692195.0,8899972.0,7.7286,6.3252
2016-07-20,7.1455,7.0269,7.1455,7.0171,51829077.0,7248741.0,7.7978,6.3747
2016-07-21,7.0961,6.9973,7.0961,6.9775,49391532.0,6957153.0,7.7286,6.3252
2016-07-22,6.9973,6.9479,7.1159,6.938,52390162.0,7370414.0,7.699,6.2956
2016-07-25,6.9182,6.9578,7.0072,6.9182,36408569.0,5173006.0,7.6397,6.2561
2016-07-26,6.9775,7.274,7.2938,6.9676,127048693.0,17524017.0,7.6496,6.2659
2016-07-27,7.195,7.0072,7.3234,6.9182,129292432.0,17974105.0,8.0054,6.5427
2016-07-28,7.0072,7.0269,7.0566,6.9083,59265608.0,8377543.0,7.7089,6.3055
2016-07-29,7.0368,7.0072,7.0961,6.9676,40578057.0,5700185.0,7.7286,6.3252
2016-08-01,6.9973,6.8589,7.0171,6.6316,65813109.0,9500426.0,7.7089,6.3055
2016-08-02,6.8293,6.8886,6.9676,6.8095,28337423.0,4074934.0,7.5409,6.177
2016-08-03,6.849,7.2839,7.3037,6.849,144509707.0,19940855.0,7.5804,6.1968
2016-08-04,7.3136,7.1851,7.4618,7.1357,100000585.0,13545618.0,8.0153,6.5525
2016-08-05,7.1851,7.1357,7.2641,7.1159,50161997.0,6887074.0,7.9065,6.4636
2016-08-08,7.2048,7.6298,7.6891,7.1752,170015680.0,22550237.0,7.8472,6.4241
2016-08-09,7.531,7.7978,7.7978,7.4025,165971937.0,21487248.0,8.3908,6.8688
2016-08-10,7.7385,8.0251,8.1635,7.6595,230366284.0,28442870.0,8.5786,7.0171
2016-08-11,7.9164,7.7682,7.956,7.7188,75543428.0,9555065.0,8.8257,7.2246
2016-08-12,7.7385,7.7978,7.8374,7.6199,89251219.0,11423775.0,8.549,6.9874
2016-08-15,7.7879,8.1833,8.292,7.61,149589224.0,18498824.0,8.5786,7.0171
2016-08-16,8.1141,8.035,8.2129,7.9164,139645927.0,17134110.0,9.0036,7.363
2016-08-17,8.0153,8.0548,8.1932,7.9065,110558217.0,13647767.0,8.8356,7.2345
2016-08-18,8.0054,8.0647,8.1536,7.9658,122123394.0,14952946.0,8.8652,7.2543
2016-08-19,7.9856,7.9065,8.035,7.8275,68823313.0,8589811.0,8.8751,7.2543
2016-08-22,7.956,7.6792,7.9658,7.6595,55472671.0,7068790.0,8.6972,7.1159
2016-08-23,7.7385,7.7286,7.8077,7.5804,67063774.0,8627690.0,8.4501,6.9083
2016-08-24,7.7188,7.6595,7.7583,7.6002,37897044.0,4876183.0,8.4995,6.9578
2016-08-25,7.5705,7.4223,7.6693,7.2938,87100667.0,11644754.0,8.4304,6.8985
2016-08-26,7.4223,7.4717,7.5013,7.3729,54594250.0,7247515.0,8.1635,6.681
2016-08-29,7.442,7.4124,7.4915,7.3136,51708916.0,6908019.0,8.2228,6.7206
2016-08-30,7.4124,7.4124,7.4717,7.3531,35113287.0,4691257.0,8.1536,6.6711
2016-08-31,7.3827,7.4223,7.4816,7.363,38472419.0,5119021.0,8.1536,6.6711
2016-09-01,7.4124,7.4717,7.5409,7.4025,51314802.0,6798088.0,8.1635,6.681
2016-09-02,7.3729,7.3827,7.5013,7.3333,41406959.0,5516333.0,8.2228,6.7206
2016-09-05,7.4124,7.6002,7.8571,7.363,123117086.0,15918425.0,8.124,6.6415
2016-09-06,7.6002,7.6397,7.6496,7.4519,62905055.0,8225198.0,8.3612,6.8392
2016-09-07,7.6397,7.8077,7.9856,7.5705,148664898.0,18795366.0,8.4007,6.8787
2016-09-08,7.7484,7.9362,8.0943,7.7286,121748136.0,15100555.0,8.5885,7.0269
2016-09-09,7.9065,7.9164,8.0746,7.8571,67218358.0,8354815.0,8.7268,7.1455
2016-09-12,7.8077,7.5013,7.8571,7.4124,92210116.0,11963245.0,8.7071,7.1258
2016-09-13,7.5507,7.3926,7.5903,7.2444,107506697.0,14395173.0,8.2525,6.7502
2016-09-14,7.274,7.3729,7.442,7.2444,60111885.0,8086661.0,8.1339,6.6514
2016-09-19,7.3729,7.3729,7.5112,7.3234,49521787.0,6630067.0,8.1141,6.6316
2016-09-20,7.3729,7.442,7.4618,7.3432,47346667.0,6324985.0,8.1141,6.6316
2016-09-21,7.442,7.442,7.5013,7.3827,34602257.0,4585989.0,8.1833,6.7008
2016-09-22,7.5013,7.5013,7.6199,7.4618,50306169.0,6589057.0,8.1833,6.7008
2016-09-23,7.4717,7.3531,7.5606,7.274,70558500.0,9459505.0,8.2525,6.7502
2016-09-26,7.363,7.1258,7.363,7.0961,65199511.0,8945787.0,8.0844,6.6217
2016-09-27,7.0961,7.195,7.2246,6.9578,61095464.0,8536632.0,7.8374,6.4142
2016-09-28,7.2246,7.0072,7.2246,6.9479,92258569.0,12997544.0,7.9164,6.4735
2016-09-29,6.9973,6.9874,7.0764,6.9676,71991732.0,10144990.0,7.7089,6.3055
2016-09-30,6.9874,6.9775,7.0171,6.8985,46191178.0,6556878.0,7.6891,6.2857
2016-10-10,7.0269,7.0269,7.0269,6.8985,85480830.0,12147290.0,7.6792,6.2758
2016-10-11,7.0269,7.0961,7.0961,7.0072,80578870.0,11290627.0,7.7286,6.3252
2016-10-12,7.0665,7.106,7.1159,7.0171,51937163.0,7258514.0,7.8077,6.3845
2016-10-13,7.0764,7.0961,7.1752,7.0566,56702943.0,7884518.0,7.8176,6.3944
2016-10-14,7.0961,7.0961,7.1554,7.0368,39145033.0,5454928.0,7.8077,6.3845
2016-10-17,7.1258,6.9676,7.1258,6.9281,77163221.0,10834859.0,7.8077,6.3845
2016-10-18,6.9973,7.0764,7.0961,6.9479,79724201.0,11207877.0,7.6693,6.2758
2016-10-19,7.1258,7.1851,7.2938,7.1258,144676857.0,19817344.0,7.7879,6.3648
2016-10-20,7.2048,7.2246,7.274,7.1554,101744561.0,13924420.0,7.9065,6.4636
2016-10-21,7.3037,7.2641,7.3531,7.1752,82097375.0,11164323.0,7.9461,6.5031
2016-10-24,7.2543,7.4322,7.5013,7.2246,143553076.0,19175009.0,7.9955,6.5427
2016-10-25,7.4915,7.7781,8.0449,7.4618,194349363.0,24673989.0,8.1734,6.6909
2016-10-26,7.6891,7.7879,7.9461,7.6199,133223002.0,16923220.0,8.5588,6.9973
2016-10-27,7.7188,7.7089,7.8472,7.61,82757304.0,10661980.0,8.5687,7.0072
2016-10-28,7.7089,7.4717,7.7583,7.4618,95398936.0,12483324.0,8.4798,6.938
2016-10-31,7.4618,7.3234,7.4618,7.2246,106663915.0,14427459.0,8.2228,6.7206
2016-11-01,7.3531,7.3827,7.4915,7.3333,85942112.0,11485438.0,8.0548,6.5921
2016-11-02,7.3827,7.3926,7.4223,7.3136,79126069.0,10594649.0,8.124,6.6415
2016-11-03,7.3333,7.5409,7.7089,7.2938,137459924.0,18174514.0,8.1339,6.6514
2016-11-04,7.5211,7.6298,7.8374,7.4816,169297991.0,21711622.0,8.292,6.7897
2016-11-07,7.6693,7.6792,7.7781,7.5705,113073193.0,14544713.0,8.3908,6.8688
2016-11-08,7.6891,7.6199,7.7188,7.5804,81255176.0,10500030.0,8.4501,6.9083
2016-11-09,7.6298,7.5013,7.6496,7.363,101881378.0,13461192.0,8.3809,6.8589
2016-11-10,7.5606,7.7385,7.7682,7.5112,150982855.0,19442725.0,8.2525,6.7502
2016-11-11,7.7484,7.9263,8.0449,7.699,214607503.0,26876431.0,8.5094,6.9676
2016-11-14,7.8571,8.0153,8.1437,7.8275,182590901.0,22458591.0,8.717,7.1357
2016-11-15,7.956,7.9955,8.124,7.9065,106226290.0,13137127.0,8.8158,7.2147
2016-11-16,8.0054,7.9658,8.1042,7.8077,109654911.0,13719657.0,8.796,7.195
2016-11-17,7.9164,7.9757,8.0251,7.8176,63756148.0,7957185.0,8.7664,7.1653
2016-11-18,7.9362,7.7781,7.9856,7.7286,75752652.0,9524260.0,8.7763,7.1752
2016-11-21,7.8769,7.7385,7.8967,7.6693,96229552.0,12209914.0,8.5588,6.9973
2016-11-22,7.7781,8.0449,8.0647,7.7583,136416120.0,17016291.0,8.5094,6.9676
2016-11-23,8.0844,7.9164,8.1536,7.8571,124294258.0,15367577.0,8.8454,7.2444
2016-11-24,7.8967,7.8374,7.9757,7.8176,74192157.0,9278031.0,8.7071,7.1258
2016-11-25,7.8077,8.0449,8.0548,7.6496,139229385.0,17499615.0,8.6181,7.0566
2016-11-28,8.0054,8.203,8.2623,7.9856,243154963.0,29515787.0,8.8454,7.2444
2016-11-29,8.1042,7.9065,8.1437,7.8868,201925892.0,24944563.0,9.0233,7.3827
2016-11-30,7.8868,7.8275,7.8868,7.7583,73045243.0,9232546.0,8.6972,7.1159
2016-12-01,7.8275,7.9658,8.035,7.7978,105313494.0,13141468.0,8.6082,7.0467
2016-12-02,7.956,7.7484,7.9658,7.7385,120088894.0,15128547.0,8.7664,7.1653
2016-12-05,7.6496,7.6595,7.7879,7.6199,55681683.0,7156225.0,8.5193,6.9775
2016-12-06,7.6891,7.7879,7.8769,7.6397,68320770.0,8697045.0,8.4304,6.8985
2016-12-07,7.7583,7.9065,7.9263,7.6693,85569612.0,10817828.0,8.5687,7.0072
2016-12-08,7.8967,7.7188,7.8967,7.7089,77206030.0,9809714.0,8.6972,7.1159
2016-12-09,7.6891,7.6199,7.7089,7.61,94891283.0,12282413.0,8.4897,6.9479
2016-12-12,7.6199,7.2543,7.6693,7.2147,94819804.0,12656706.0,8.3809,6.8589
2016-12-13,7.2543,7.3926,7.5013,7.1455,55615246.0,7509026.0,7.9757,6.5328
2016-12-14,7.3234,7.3926,7.531,7.2938,67173427.0,8934700.0,8.1339,6.6514
2016-12-15,7.4025,7.4322,7.5013,7.3136,55068752.0,7341081.0,8.1339,6.6514
2016-12-16,7.3926,7.4915,7.5903,7.3827,61622213.0,8093779.0,8.1734,6.6909
2016-12-19,7.4519,7.4025,7.531,7.363,68486505.0,9128255.0,8.2426,6.7403
2016-12-20,7.4025,7.3729,7.4124,7.3037,35718890.0,4799987.0,8.1437,6.6613
2016-12-21,7.363,7.4618,7.4816,7.363,38063945.0,5056957.0,8.1141,6.6316
2016-12-22,7.4915,7.5804,7.6891,7.4223,82428799.0,10779124.0,8.2129,6.7206
2016-12-23,7.5804,7.4322,7.5804,7.3926,52977079.0,7015310.0,8.3414,6.8194
2016-12-26,7.4124,7.4519,7.4618,7.2938,33416263.0,4487382.0,8.1734,6.6909
2016-12-27,7.4618,7.5409,7.5804,7.4223,55364798.0,7275627.0,8.1932,6.7107
2016-12-28,7.5507,7.6298,7.6397,7.5013,74574311.0,9703398.0,8.292,6.7897
2016-12-29,7.5903,7.6298,7.6792,7.5507,49802833.0,6452009.0,8.3908,6.8688
2016-12-30,7.61,7.6595,7.6792,7.5606,47715788.0,6193449.0,8.3908,6.8688
2017-01-03,7.6595,7.7188,7.7188,7.6397,57000911.0,7331582.0,8.4304,6.8985
2017-01-04,7.7188,7.7286,7.7583,7.6298,67105958.0,8617652.0,8.4897,6.9479
2017-01-05,7.6891,7.6199,7.7583,7.61,55835600.0,7200220.0,8.4995,6.9578
2017-01-06,7.61,7.5705,7.6595,7.5606,42828887.0,5561752.0,8.3809,6.8589
2017-01-09,7.6002,7.7682,7.7879,7.531,71623478.0,9212676.0,8.3315,6.8095
2017-01-10,7.7682,7.7879,7.8275,7.6792,73717691.0,9388685.0,8.549,6.9874
2017-01-11,7.8077,7.7583,7.8571,7.6891,75173244.0,9563443.0,8.5687,7.0072
2017-01-12,7.7781,7.6496,7.8176,7.6002,42491950.0,5446910.0,8.5391,6.9775
2017-01-13,7.6496,7.5211,7.6792,7.4717,47522202.0,6179173.0,8.4106,6.8886
2017-01-16,7.5013,7.3234,7.5013,7.106,58138022.0,7836413.0,8.2722,6.77
2017-01-17,7.2938,7.4618,7.531,7.274,38924120.0,5160620.0,8.0548,6.5921
2017-01-18,7.4124,7.6792,7.7089,7.4124,83287523.0,10831065.0,8.2129,6.7206
2017-01-19,7.6595,7.867,8.0844,7.6199,175367486.0,21949629.0,8.4501,6.9083
2017-01-20,7.8176,7.9955,8.0844,7.7583,174460388.0,21605235.0,8.6577,7.0764
2017-01-23,7.9955,8.796,8.796,7.9362,371867661.0,42371424.0,8.796,7.195
2017-01-24,8.7763,9.2309,9.6658,8.5984,668080406.0,72469867.0,9.6756,7.9164
2017-01-25,9.0925,8.8652,9.0925,8.7268,333413911.0,37166337.0,10.15,8.3118
2017-01-26,8.8652,9.0431,9.3001,8.7664,283919346.0,31064657.0,9.7547,7.9757
2017-02-03,9.053,9.5274,9.8436,8.8652,346659659.0,36175828.0,9.9524,8.1437
2017-02-06,9.4879,9.5472,9.982,9.0431,379255866.0,39795255.0,10.4762,8.5786
2017-02-07,9.3396,9.4582,9.7942,9.2902,362330302.0,37424268.0,10.5058,8.5885
2017-02-08,9.3396,9.3989,9.4384,9.2012,275021042.0,29219661.0,10.407,8.5094
2017-02-09,9.3001,9.4681,10.0215,9.2902,513024462.0,52543000.0,10.3378,8.46
2017-02-10,9.4879,10.15,10.4169,9.3001,853220446.0,84794679.0,10.4169,8.5193
2017-02-13,10.0512,9.7152,10.071,9.5966,546728989.0,55383380.0,11.168,9.1321
2017-02-14,9.6065,9.9326,10.0611,9.6065,381237615.0,38030598.0,10.6837,8.7466
2017-02-15,9.7547,9.5076,9.9029,9.4879,320131891.0,32865017.0,10.9308,8.9443
2017-02-16,9.4483,9.4977,9.6756,9.389,227598118.0,23673855.0,10.4564,8.5588
2017-02-17,9.5768,9.2507,9.5768,9.2012,212379143.0,22507351.0,10.4465,8.549
2017-02-20,9.3396,9.4187,9.5867,9.2803,272169866.0,28420175.0,10.1797,8.3216
2017-02-21,9.5669,9.8041,10.071,9.5669,460838285.0,46293156.0,10.3576,8.4798
2017-02-22,9.8239,10.7825,10.7825,9.8041,788462479.0,74570479.0,10.7825,8.8257
2017-02-23,10.6738,10.239,10.6738,9.8733,615325708.0,59352214.0,11.8598,9.7053
2017-02-24,9.982,9.8535,10.1599,9.7053,342213195.0,34289497.0,11.2668,9.2111
2017-02-27,9.9029,9.8733,9.9721,9.7646,183598519.0,18442146.0,10.8418,8.8652
2017-02-28,9.8733,9.8436,9.9128,9.5966,294273963.0,29773148.0,10.8616,8.885
2017-03-01,9.7843,10.1303,10.3773,9.6954,480989103.0,47024737.0,10.832,8.8553
2017-03-02,10.0314,9.7349,10.0907,9.7152,300215581.0,30080172.0,11.1482,9.1222
2017-03-03,9.6361,9.5669,9.6361,9.389,174689798.0,18171172.0,10.7134,8.7664
2017-03-06,9.5274,9.646,9.646,9.4681,111828041.0,11547836.0,10.5256,8.6082
2017-03-07,9.646,9.4977,9.646,9.4681,144270399.0,14981842.0,10.6145,8.6774
2017-03-08,9.478,9.5175,9.5867,9.4384,156303542.0,16243461.0,10.4465,8.549
2017-03-09,9.5175,9.1321,9.5274,9.1123,251528210.0,26969129.0,10.4663,8.5687
2017-03-10,9.1914,9.2012,9.3198,9.0925,164567276.0,17635299.0,10.0413,8.2228
2017-03-13,9.1914,9.2605,9.2803,9.0925,115820914.0,12426034.0,10.1204,8.2821
2017-03-14,9.3495,9.6954,10.0907,9.31,405388460.0,41301942.0,10.1896,8.3315
2017-03-15,9.6065,10.664,10.664,9.4977,990690521.0,93806622.0,10.664,8.7268
2017-03-16,10.7727,11.0593,11.2471,10.407,1174810943.0,107363139.0,11.7313,9.5966
2017-03-17,10.9901,10.6936,11.1186,10.575,825949925.0,75251264.0,12.1662,9.9524
2017-03-20,10.5849,10.7134,10.7628,10.3279,632531423.0,59071358.0,11.761,9.6262
2017-03-21,10.6442,10.3971,10.6442,10.2686,413202235.0,39352597.0,11.7808,9.646
2017-03-22,10.3477,10.4465,10.5651,10.2785,374466434.0,35464546.0,11.4348,9.3594
2017-03-23,10.3773,10.6541,10.7134,10.1698,487507658.0,45959320.0,11.4941,9.3989
2017-03-24,10.407,11.0099,11.3162,10.3971,909195843.0,82138829.0,11.7215,9.5867
2017-03-27,11.0099,10.6343,11.2174,10.6244,651570716.0,59298315.0,12.1069,9.9128
2017-03-28,10.6244,10.4465,10.6244,10.3082,293167095.0,27774324.0,11.7017,9.5669
2017-03-29,10.3773,10.4564,10.7233,10.3378,301514067.0,28217477.0,11.4941,9.3989
2017-03-30,10.2785,9.9919,10.5651,9.982,289726944.0,27933097.0,11.504,9.4088
2017-03-31,9.982,9.7942,10.071,9.4879,203393328.0,20577508.0,10.9901,8.9937
2017-04-05,10.6244,10.0808,10.7727,9.8535,819714079.0,79369521.0,10.7727,8.8158
2017-04-06,10.2192,10.1401,10.3082,10.0117,352751567.0,34328311.0,11.0889,9.0728
2017-04-07,10.0611,9.9326,10.1105,9.8931,247560034.0,24579879.0,11.1581,9.1222
2017-04-10,9.9326,10.2785,10.3082,9.8832,433084208.0,42211624.0,10.9308,8.9443
2017-04-11,10.1698,10.5157,10.6541,10.0808,509533103.0,48572635.0,11.3064,9.2507
2017-04-12,10.407,10.2983,10.7529,10.1797,421465011.0,39776560.0,11.5633,9.4681
2017-04-13,10.2291,10.7134,10.8221,10.15,601647899.0,55895876.0,11.3261,9.2704
2017-04-14,10.6738,10.5157,11.0197,10.4959,540592025.0,49573252.0,11.7808,9.646
2017-04-17,10.3082,10.1006,10.4663,9.9919,297981535.0,28834779.0,11.5633,9.4681
2017-04-18,10.0611,9.9524,10.239,9.9425,226922062.0,22264595.0,11.1087,9.0925
2017-04-19,9.7942,9.8338,9.9622,9.5966,222315162.0,22459277.0,10.9506,8.9542
2017-04-20,9.8338,9.725,9.9919,9.5867,188399113.0,19038535.0,10.8221,8.8553
2017-04-21,9.7745,9.5472,9.8239,9.4879,163487545.0,16804658.0,10.6936,8.7565
2017-04-24,9.4879,8.8553,9.4879,8.6972,225217401.0,24556720.0,10.5058,8.5885
2017-04-25,8.8059,8.9443,9.0431,8.796,129213640.0,14275599.0,9.7448,7.9658
2017-04-26,8.9739,9.053,9.0629,8.8949,118560312.0,13053622.0,9.8436,8.0548
2017-04-27,9.0431,9.3693,9.4582,8.7861,224331984.0,24223268.0,9.9622,8.1437
2017-04-28,9.3001,9.2605,9.3396,9.1518,133452062.0,14270300.0,10.3082,8.4304
2017-05-02,9.2111,9.3396,9.4187,9.1815,142713699.0,15102072.0,10.1896,8.3315
2017-05-03,9.2507,9.3791,9.5669,9.2408,145301524.0,15226335.0,10.2785,8.4007
2017-05-04,9.389,9.1716,9.389,9.1518,135048950.0,14444070.0,10.318,8.4402
2017-05-05,9.1024,8.8751,9.1321,8.8652,141454358.0,15608676.0,10.0907,8.2525
2017-05-08,8.8751,8.3711,8.9739,8.3414,140468169.0,15943750.0,9.7646,7.9856
2017-05-09,8.3513,8.5391,8.549,8.2525,107794977.0,12677881.0,9.2111,7.531
2017-05-10,8.5094,8.203,8.6873,8.1734,106158645.0,12473565.0,9.389,7.6891
2017-05-11,8.1635,8.2426,8.2821,7.8374,119426467.0,14580324.0,9.0233,7.3827
2017-05-12,8.2426,8.1141,8.292,8.0746,113369183.0,13697633.0,9.0629,7.4223
2017-05-15,8.1932,8.1734,8.3019,8.1437,93685624.0,11272122.0,8.9245,7.3037
2017-05-16,8.203,8.3612,8.46,7.867,142796600.0,17173149.0,8.9937,7.3531
2017-05-17,8.3118,8.6675,8.7367,8.3019,169405203.0,19479552.0,9.2012,7.5211
2017-05-18,8.8949,8.4897,8.8949,8.4699,128803995.0,14736440.0,9.5373,7.7978
2017-05-19,8.46,8.3513,8.5391,8.3019,73189643.0,8623581.0,9.3396,7.6397
2017-05-22,8.3513,8.124,8.4007,8.1042,69029957.0,8280057.0,9.1914,7.5112
2017-05-23,8.124,7.8472,8.1437,7.8176,82649840.0,10242427.0,8.9344,7.3136
2017-05-24,7.8374,7.8275,7.867,7.531,106669350.0,13685585.0,8.628,7.0665
2017-05-25,7.8571,7.9856,8.0449,7.6397,96120966.0,12092725.0,8.6082,7.0467
2017-05-26,8.0054,8.0647,8.1833,7.9658,76612400.0,9329724.0,8.7861,7.1851
2017-05-31,8.124,8.0548,8.2426,8.0251,61050064.0,7412010.0,8.8751,7.2543
2017-06-01,8.035,7.8275,8.0746,7.8176,63534905.0,7911297.0,8.8652,7.2543
2017-06-02,7.7879,7.9658,8.0153,7.7286,61023159.0,7640324.0,8.6082,7.0467
2017-06-05,8.0449,8.2327,8.3216,7.9856,111242923.0,13432108.0,8.7664,7.1653
2017-06-06,8.2327,8.1536,8.2327,8.0548,68057043.0,8266387.0,9.053,7.4124
2017-06-07,8.1734,8.4402,8.4699,8.1536,129445565.0,15365700.0,8.9739,7.3432
2017-06-08,8.5094,8.46,8.7664,8.4501,156200816.0,17988216.0,9.2803,7.6002
2017-06-09,8.5,8.42,8.5,8.31,77803900.0,9301116.0,9.31,7.61
2017-06-12,8.35,8.21,8.39,8.21,74723978.0,9020219.0,9.26,7.58
2017-06-13,8.2,8.42,8.43,8.2,90997530.0,10893476.0,9.03,7.39
2017-06-14,8.43,8.44,8.62,8.31,106038164.0,12549363.0,9.26,7.58
2017-06-15,8.41,8.54,8.62,8.37,119214920.0,13968896.0,9.28,7.6
2017-06-16,8.5,8.48,8.57,8.42,68837098.0,8118085.0,9.39,7.69
2017-06-19,8.44,8.48,8.53,8.41,78459860.0,9261916.0,9.33,7.63
2017-06-20,8.48,8.42,8.52,8.4,64300157.0,7599587.0,9.33,7.63
2017-06-21,8.42,8.41,8.46,8.31,92505345.0,11059752.0,9.26,7.58
2017-06-22,8.4,8.2,8.41,8.2,96843490.0,11665300.0,9.25,7.57
2017-06-23,8.18,8.21,8.25,8.05,70186355.0,8620596.0,9.02,7.38
2017-06-26,8.23,8.59,8.6,8.15,202095035.0,23962512.0,9.03,7.39
2017-06-27,8.59,8.59,8.71,8.54,119815247.0,13888904.0,9.45,7.73
2017-06-28,8.7,8.96,9.0,8.65,265796108.0,29984386.0,9.45,7.73
2017-06-29,8.85,9.49,9.76,8.82,361783596.0,38745070.0,9.86,8.06
2017-06-30,9.38,9.53,9.67,9.23,205351081.0,21881788.0,10.44,8.54
2017-07-03,9.45,9.91,10.21,9.33,329107418.0,33469436.0,10.48,8.58
2017-07-04,9.92,9.71,9.93,9.63,184615000.0,18965815.0,10.9,8.92
2017-07-05,9.64,9.73,9.85,9.52,160466357.0,16633299.0,10.68,8.74
2017-07-06,9.73,9.57,9.73,9.46,173026224.0,18071625.0,10.7,8.76
2017-07-07,9.57,10.16,10.3,9.55,417596873.0,41729674.0,10.53,8.61
2017-07-10,10.21,10.33,10.76,10.16,494904551.0,47605560.0,11.18,9.14
2017-07-11,10.36,10.05,10.66,10.0,327921379.0,31590411.0,11.36,9.3
2017-07-12,10.01,10.24,10.34,9.66,322405163.0,32279575.0,11.06,9.05
2017-07-13,10.37,11.2,11.26,10.3,709726245.0,64684019.0,11.26,9.22
2017-07-14,11.0,10.85,11.0,10.6,440422631.0,40763991.0,12.32,10.08
2017-07-17,10.68,10.68,11.26,10.13,495023967.0,45845055.0,11.94,9.77
2017-07-18,10.7,11.09,11.26,10.6,461124844.0,42147676.0,11.75,9.61
2017-07-19,11.0,11.77,11.99,10.85,771146205.0,66616825.0,12.2,9.98
2017-07-20,11.6,12.49,12.88,11.46,717395599.0,59173352.0,12.95,10.59
2017-07-21,13.31,12.99,13.7,12.63,1283389459.0,98723473.0,13.74,11.24
2017-07-24,13.3,12.95,13.38,12.66,861655619.0,66713303.0,14.29,11.69
2017-07-25,12.89,12.45,12.94,12.04,810224150.0,65419650.0,14.25,11.66
2017-07-26,12.51,12.51,12.57,12.22,532803786.0,42924540.0,13.7,11.21
2017-07-27,12.5,11.97,12.64,11.93,611856450.0,50234065.0,13.76,11.26
2017-07-28,11.89,12.18,12.29,11.82,445916114.0,36913307.0,13.17,10.77
2017-07-31,12.08,12.82,12.86,11.91,763218924.0,60790790.0,13.4,10.96
2017-08-01,12.84,12.49,13.04,12.3,638656771.0,50475816.0,14.1,11.54
2017-08-02,12.4,12.14,12.5,11.97,514616431.0,42129808.0,13.74,11.24
2017-08-03,12.1,12.22,12.3,11.97,383402942.0,31584805.0,13.35,10.93
2017-08-04,12.33,12.32,12.82,12.22,651059284.0,51904142.0,13.44,11.0
2017-08-07,12.2,12.56,12.65,11.85,479313785.0,39354828.0,13.55,11.09
2017-08-08,12.48,12.74,12.92,12.38,564223331.0,44491571.0,13.82,11.3
2017-08-09,13.1,12.76,13.18,12.51,509752601.0,39777752.0,14.01,11.47
2017-08-10,12.7,14.04,14.04,12.66,1298705132.0,96800563.0,14.04,11.48
2017-08-11,13.67,12.69,13.95,12.64,1054236531.0,78882063.0,15.44,12.64
2017-08-14,12.52,12.6,12.8,12.05,591187143.0,47662713.0,13.96,11.42
2017-08-15,12.52,12.4,12.53,12.14,386439402.0,31343161.0,13.86,11.34
2017-08-16,12.33,12.27,12.55,12.06,319902614.0,26035584.0,13.64,11.16
2017-08-17,12.3,12.35,12.41,12.15,270601841.0,22011908.0,13.5,11.04
2017-08-18,12.16,12.22,12.47,12.12,287751599.0,23378431.0,13.59,11.12
2017-08-21,12.2,12.55,12.58,12.2,302045792.0,24262363.0,13.44,11.0
2017-08-22,12.56,12.91,13.49,12.51,579924639.0,44342405.0,13.81,11.3
2017-08-23,12.78,13.06,13.34,12.78,390123149.0,29950784.0,14.2,11.62
2017-08-24,13.08,12.77,13.17,12.65,305564353.0,23750624.0,14.37,11.75
2017-08-25,12.85,13.29,13.35,12.66,524543969.0,40019594.0,14.05,11.49
2017-08-28,13.16,13.18,13.36,12.96,558325190.0,42506561.0,14.62,11.96
2017-08-29,13.2,13.32,13.5,13.13,453663784.0,34069582.0,14.5,11.86
2017-08-30,13.22,13.59,13.79,12.98,538401134.0,40366478.0,14.65,11.99
2017-08-31,13.51,13.45,13.75,13.31,365488591.0,27007910.0,14.95,12.23
2017-09-01,13.39,13.56,13.74,13.35,475921725.0,35028388.0,14.8,12.11
2017-09-04,13.5,13.09,13.55,13.03,502250772.0,38147174.0,14.92,12.2
2017-09-05,13.06,13.1,13.16,12.81,287380672.0,22089607.0,14.4,11.78
2017-09-06,13.05,13.07,13.15,12.9,218039380.0,16685319.0,14.41,11.79
2017-09-07,13.13,12.86,13.17,12.71,303616309.0,23544269.0,14.38,11.76
2017-09-08,12.76,12.67,12.92,12.56,277357706.0,21828875.0,14.15,11.57
2017-09-11,12.63,12.58,12.64,12.42,249468704.0,19917782.0,13.94,11.4
2017-09-12,12.7,13.03,13.29,12.65,559890824.0,43117680.0,13.84,11.32
2017-09-13,13.03,13.52,13.57,13.03,668589511.0,49834472.0,14.33,11.73
2017-09-14,13.78,14.87,14.87,13.63,1658067927.0,112917329.0,14.87,12.17
2017-09-15,14.4,13.9,14.58,13.76,1086916994.0,76979673.0,16.36,13.38
2017-09-18,14.0,14.15,14.48,13.91,605477052.0,42724295.0,15.29,12.51
2017-09-19,14.05,14.0,14.15,13.79,424839034.0,30423805.0,15.57,12.74
2017-09-20,13.85,14.25,14.3,13.62,461788993.0,33175534.0,15.4,12.6
2017-09-21,14.55,14.64,15.49,14.55,994961897.0,66551178.0,15.68,12.83
2017-09-22,14.83,15.06,15.41,14.31,694002445.0,46498501.0,16.1,13.18
2017-09-25,14.9,15.67,16.21,14.76,935819832.0,59570452.0,16.57,13.55
2017-09-26,15.73,15.58,15.83,15.09,622427613.0,40395503.0,17.24,14.1
2017-09-27,15.3,15.38,15.8,15.06,545712522.0,35620642.0,17.14,14.02
2017-09-28,15.22,15.02,15.58,14.9,465388845.0,30696411.0,16.92,13.84
2017-09-29,15.12,14.43,15.33,14.18,639826513.0,43629919.0,16.52,13.52
2017-10-09,14.63,14.7,14.84,14.4,503279843.0,34502989.0,15.87,12.99
2017-10-10,14.92,14.69,14.98,14.39,450283181.0,30740023.0,16.17,13.23
2017-10-11,14.6,14.05,14.65,14.02,506835639.0,35737186.0,16.16,13.22
2017-10-12,14.1,14.12,14.25,13.8,346470933.0,24694717.0,15.46,12.65
2017-10-13,14.1,14.3,14.32,13.91,331907840.0,23367087.0,15.53,12.71
2017-10-16,14.36,14.36,14.65,14.26,389155702.0,26949231.0,15.73,12.87
2017-10-17,14.24,14.07,14.47,13.91,328677438.0,23198552.0,15.8,12.92
2017-10-18,14.02,13.75,14.09,13.64,340388256.0,24610091.0,15.48,12.66
2017-10-19,13.77,13.86,14.21,13.68,328778343.0,23588328.0,15.13,12.38
2017-10-20,13.79,14.46,14.52,13.6,488730231.0,34664662.0,15.25,12.47
2017-10-23,14.45,14.37,14.45,14.17,325392294.0,22779344.0,15.91,13.01
2017-10-24,14.39,14.61,14.85,14.33,522850026.0,35749507.0,15.81,12.93
2017-10-25,14.57,14.85,14.86,14.45,470388012.0,31967670.0,16.07,13.15
2017-10-26,14.9,15.01,15.09,14.63,469469928.0,31671378.0,16.34,13.37
2017-10-27,14.54,13.95,14.64,13.82,701355834.0,49230260.0,16.51,13.51
2017-10-30,13.75,13.15,13.97,13.07,470495631.0,35120729.0,15.35,12.56
2017-10-31,13.14,13.22,13.3,12.91,246183110.0,18763505.0,14.47,11.84
2017-11-01,13.2,13.06,13.2,12.98,233305265.0,17853379.0,14.54,11.9
2017-11-02,13.05,12.52,13.1,12.51,320336376.0,25231661.0,14.37,11.75
2017-11-03,12.5,12.61,12.7,12.28,230538039.0,18404055.0,13.77,11.27
2017-11-06,12.6,12.62,12.68,12.1,210366196.0,16973652.0,13.87,11.35
2017-11-07,12.62,12.93,13.11,12.52,351634812.0,27336618.0,13.88,11.36
2017-11-08,13.05,12.87,13.13,12.86,248598084.0,19177574.0,14.22,11.64
2017-11-09,12.8,12.99,13.1,12.78,171858722.0,13262966.0,14.16,11.58
2017-11-10,13.0,12.69,13.06,12.63,205856301.0,16120794.0,14.29,11.69
2017-11-13,12.68,13.11,13.11,12.51,359573303.0,27791093.0,13.96,11.42
2017-11-14,13.18,13.79,14.0,13.11,679785862.0,50259325.0,14.42,11.8
2017-11-15,13.9,13.97,14.36,13.6,599395090.0,43025694.0,15.17,12.41
2017-11-16,14.05,13.96,14.29,13.81,450000913.0,31996499.0,15.37,12.57
2017-11-17,14.0,13.96,14.5,13.84,673061615.0,47348053.0,15.36,12.56
2017-11-20,13.57,13.62,13.75,12.56,426419928.0,32241633.0,15.36,12.56
2017-11-21,13.4,13.1,13.68,12.89,472541027.0,35861363.0,14.98,12.26
2017-11-22,13.07,13.07,13.3,12.92,269337794.0,20551112.0,14.41,11.79
2017-11-23,13.15,13.97,14.33,13.09,784077707.0,56945164.0,14.38,11.76
2017-11-24,13.83,14.33,14.37,13.75,647935646.0,45788547.0,15.37,12.57
2017-11-27,14.49,13.88,14.94,13.8,642414499.0,44334660.0,15.76,12.9
2017-11-28,14.08,15.12,15.16,13.96,852109689.0,58024861.0,15.27,12.49
2017-11-29,15.17,16.28,16.58,15.01,1473706512.0,92790271.0,16.63,13.61
2017-11-30,16.24,16.09,16.48,15.66,915579860.0,56954223.0,17.91,14.65
2017-12-01,16.02,16.1,16.2,15.46,607512288.0,38484550.0,17.7,14.48
2017-12-04,16.1,15.92,16.53,15.69,594031695.0,37013223.0,17.71,14.49
